game_id,player_id,turn,player_type,originalRationale,model,replayRationale,input_tokens,reasoning_tokens,output_tokens,error
0726ff69-1696-4928-996d-9d3979472b05,4,344,GPT-OSS-120B-Simple,"Maximize our nuclear capabilities and carrier support to decisively strike Polynesian island forts, while maintaining our current aggressive conquest posture and strong production, gold, and happiness engines.",unknown,,0,0,0,originalUseNuke is not defined
085cfce3-75ee-4459-b7b0-c49c9a27f651,4,408,GLM-4.7-Simple,CRITICAL: Portugal completed SS Engine (3rd spaceship part) and CERN - emergency nuclear strike plan. Maximizing Offense/Mobilization/Nuke/UseNuke to 100 for Portugal theater operations. Science and Production at 100 to rush Advanced Ballistics and nuclear missile production before Portugal achieves nuclear superiority. Air at 95 for Golden Age bomber operations starting in 2 turns. Diplomacy maintained for coalition coordination (Germany must conduct ground invasion alongside our nuclear strikes). Defense reduced to 40 - total war mode acceptable given Portugal's multi-victory threat requiring breaking through before they complete spaceship.,unknown,,0,0,0,originalUseNuke is not defined
08b14f7d-5a12-42fc-baa4-7793c0418bdf,6,445,Deepseek-3.2-Simple,"Maximizing UseNuke to 100 ensures our atomic bombs and future nuclear missiles are used aggressively against The Celts' military concentrations and cities, given their overwhelming advantage. Maintaining high Air, Naval, and Nuke flavors sustains our technological edge and production focus. Diplomacy and Espionage at 100 are critical for city-state alliances and spy missions to gain delegates for diplomatic victory. Gold and Science remain top priorities to fund our war effort and tech progression. Other military flavors are tuned for a multi-front defensive-offensive war against The Celts, Germany, and Ethiopia.",unknown,,0,0,0,originalUseNuke is not defined
0fb9fca8-e594-458f-8c0e-d11e0d25513e,2,372,Kimi-K2.5-Simple,"TURN 372: TOTAL WAR POSTURE MAINTAINED. Brazil peace expires in 6 turns - all military resources must prepare for Rio de Janeiro assault. Heavy Bomber lost to Alexandria interception but Ollantaytambo produces replacement in 1 turn. Manhattan Project completes in 4 turns at Cusco. Alexandria capture in progress - Field Gun and Lancer eliminated, Cavillaca spy at 480 network can assist. UseNuke increased to 100% - will deploy nuclear weapons immediately upon Manhattan Project completion. Maximum aggression ensures AI prioritizes Brazilian invasion over defensive operations. Spaceship at 70 maintains science victory pathway as backup if Brazil conquest fails.",unknown,,0,0,0,originalUseNuke is not defined
16452b5e-6371-475b-b8da-ca3428d5eba9,6,400,Deepseek-3.2-Simple,"Increase UseNuke to 100 to ensure aggressive nuclear strikes when we initiate war with Russia. Our atomic bomb production is nearing completion, and we want to leverage our nuclear arsenal decisively for swift capital captures.",openai-compatible/DeepSeek-V3.2,"Increase UseNuke to 100 to ensure aggressive nuclear posture when war with Russia begins, guaranteeing atomic bombs are used decisively. Raise CityDefense to 100 to strengthen city garrisons against anticipated Russian counterattacks. Maintain Conquest grand strategy to focus on capturing enemy capitals for domination victory.",75906,2100,233,
16f027b7-0edd-44b6-a4e3-05e9e0c4ba16,2,405,Kimi-K2.5-Simple,Maintaining maximum aggression profile for final turns. Increased UseNuke to 100 (from 90) to ensure nuclear weapons are deployed immediately upon availability from Advanced Ballistics. All military production and offensive flavors remain at emergency levels to extract maximum territorial gains from Sweden (currently at 50% happiness with combat penalties) and Portugal before Egyptian victory. Defensive flavors maintained at 80 to protect against Portugal's atomic capabilities and Sweden's counterattacks. Zero expansion/diplomacy/culture - pure total war focus until game conclusion.,openai-compatible/Kimi-K2.5,"Egyptian Cultural Victory imminent (10 turns until Influential on Sweden, then Citizen Earth Protocol). World ending in approximately 10-15 turns. Nuclear Fission completed - atomic weapons now available for immediate deployment. Authorization for nuclear use maximized (UseNuke 100). Defensive priorities reduced (Defense 70, CityDefense 70) to shift resources toward final offensive pushes for territorial gains before inevitable Egyptian victory. Air power (100) and mobilization (100) maintained for maximum pressure on Sweden and Portugal. Radar research continues for Heavy Bombers to supplement nuclear deterrent.",60678,2751,295,
16f027b7-0edd-44b6-a4e3-05e9e0c4ba16,6,459,Deepseek-3.2-Simple,"Adjusting flavors to prioritize counterattacks (Offense 80) and nuclear retaliation (UseNuke 100) given Egypt's use of nukes. Reducing Growth to 50 reflects wartime constraints on expansion. Increasing Culture to 50 helps accelerate policy acquisition for crucial benefits. Maintaining strong defense, military production, and diplomacy focus.",openai-compatible/DeepSeek-V3.2,"Our survival is at stake. Egypt and Sweden are overwhelming us militarily. We must prioritize immediate defense: maximal city defense, military production, and gold to purchase units. Science and happiness are critical for tech parity and avoiding combat penalties. Nuke flavor deters further nuclear attacks. High diplomacy to protect and regain city-state alliances for delegates. We are in a golden age; use it to build and strengthen defenses.",43237,0,561,
1dfd45a6-78ae-45ca-bf58-f300407a5659,2,403,Kimi-K2.5-Simple,"PEACE EXPLOITATION PHASE: Unexpected forced peace with Egypt (PacifierFlag) created 10-turn preparation window. Nuke/UseNuke increased to 100 - Atomic Theory completes in 8 turns revealing Uranium. Manhattan Project insurance against Thebes' 21-wonder defense. Focus: 1) Finish Celts (Edinburgh capture imminent), 2) Complete nuclear arsenal, 3) Total Egyptian annihilation when peace expires. Air/Airlift/Mobile/Ranged/Naval at 100 for intercontinental rapid deployment to Egyptian theater. Glasgow captured - Celtic campaign nearly complete.",openai-compatible/Kimi-K2.5,"EGYPT PEACE EXPLOITATION PHASE: Unexpected 10-turn peace with Egypt (Turn 403) forces tactical pivot. Cannot attack Egypt until Turn 413, so must maximize Celtic destruction before pivot. Maintained 100 Offense/Mobilization/Ranged/Mobile/Air/Airlift for rapid Edinburgh capture and Egyptian theater preparation. INCREASED Nuke to 80 (from 60) - Atomic Theory reveals uranium in 7 turns, Manhattan Project becomes priority for Thebes' 21 wonders. Naval 100 maintained for coastal superiority. Zero defensive investment - Glasgow secured, now total commitment to eliminating Celts (Edinburgh) then immediate Egyptian assault when peace expires. Production 100 ensures rapid aircraft/bomber generation for Egyptian campaign.",70660,757,1107,
1f088053-c79f-47f4-978d-65654bb542d2,3,378,Kimi-K2.5-Briefed,"EMERGENCY FINAL GAMBIT: Passport System will pass in 2 turns with 46 YES votes (my 'allies' betrayed me). Maya will get 50% tourism boost and become Influential over me immediately - cultural victory is inevitable in 2-3 turns. ONLY HOPE: Science victory before Maya's cultural victory triggers. Need to purchase Great Scientists IMMEDIATELY with Faith (180/turn), rush to Information Era, build spaceship parts. Also preparing maximum military mobilization - if I'm going to lose, I take Maya down with me through nuclear annihilation. Total war footing - no defense, all offense, all science.",unknown,,0,0,0,originalUseNuke is not defined
252661e3-593d-4eab-84bd-93ccdcbda525,2,392,Kimi-K2.5-Simple,"SURVIVAL MODE - GERMAN BETRAYAL RESPONSE: Germany's invasion is catastrophic. Reduced Offense to 40 (cannot attack superior forces), maintained Defense/CityDefense/Antiair at 100 to survive siege. Science 100 and Nuke/UseNuke 100 are existential priorities - atomic weapons only hope against 13k German military. Production 100 for emergency unit production. Espionage 100 to maintain Florence alliance and protect Kyzyl. Reduced Diplomacy to 90 (lost Lisbon/Sokoto/Buenos Aires to German coups). Naval reduced to 70 (coastal cities threatened by Germany). Focus: Hold cities, survive until nuclear deterrent operational.",unknown,,0,0,0,originalUseNuke is not defined
252661e3-593d-4eab-84bd-93ccdcbda525,6,413,Deepseek-3.2-Simple,We are researching Atomic Theory next to unlock nuclear weapons. Setting Nuke and UseNuke flavors to 100 ensures we prioritize building nukes and are willing to use them strategically once available. This will be crucial for breaking Germany's heavily fortified coastal capitals (Berlin and Beijing) and accelerating the endgame. Other military flavors remain high to sustain our overwhelming conventional advantage.,openai-compatible/DeepSeek-V3.2,"Florence has been captured (city-state eliminated) and Vientiane (Siam) is a puppet; the immediate targets are falling. The next major objectives are clear: capture Halab (Assyrian city) and then pivot to Germany when the peace treaty expires in 2 turns. Our naval and air forces are being reinforced, but Germany is building a powerful air force (Heavy Bomber, Zero fighters) in Batam. We must maintain maximum military production, especially for naval units, carriers, and anti-air to counter Germany's air threat. Continue focusing on gold and science to fund upgrades and maintain technological parity. Diplomatic focus to secure city-state alliances remains crucial for our delegate count. Grand strategy stays on Conquest for the final push to capture all original capitals.",67513,0,897,
2bb13ba5-b953-49e9-b4c5-1bd88cc422aa,6,427,GLM-4.7-Simple,"MAXIMUM OFFENSE: Iroquois Cultural Victory in 2 turns. Nuke flavor increased to 95, UseNuke to MAXIMUM 100 - nuclear strikes now acceptable if Stealth Bomber bombardment fails to destroy Iroquois cultural infrastructure. Science to 100 - Lasers research critical for Nuclear Missile capability as final deterrent. Offense/Mobilization/Ranged/Mobile/Air all at 100 - maximum military pressure on Iroquois cities. Espionage 95 - critical intelligence on Iroquois cities with tourism wonders. Air 100 - 2 new Stealth Bombers completed (ID 19453, 19454), need immediate deployment against Iroquois cultural targets. Gold 95 - funding unit purchases/builds for war. Lasers technology means Nuclear Missiles available in ~3-4 turns - must prepare for nuclear option if conventional assault cannot prevent Iroquois victory by turn 428.",openai-compatible/GLM-4.7,"Iroquois Cultural Victory in 3 turns - existential crisis demands total offensive posture. Offense (100), Offense flavors (100), Mobilization (100), UseNuke (95), Nuke (85) reflect willingness to take extreme measures including nuclear strikes to stop Iroquois tourism generation. Production (100), Ranged (100), Air (100) prioritize military units for immediate offensive pressure. Science (95) and Diplomacy (75) support coordination with France and Lasers research. CityDefense (15) reflects willingness to accept any risk to achieve offensive victory against Iroquois. Conquest grand strategy unchanged - only military conquest can stop cultural victory at this point.",76230,515,680,
2bd9f63b-481b-4ba7-9dca-b424f1337b67,4,364,GPT-OSS-120B-Simple,Maintain the aggressive Conquest strategy while boosting nuclear capability and espionage to counter Rome's nuclear strike and spy activity. Keep production and mobilization at maximum to replace losses quickly and sustain offensive pressure on hostile capitals.,openai-compatible/gpt-oss-120b,"We keep Conquest as the overall strategy, but we need to resolve the severe unhappiness (46% happiness) that is limiting our war effort. Raising Happiness to max will prioritize building happiness‑generating structures and luxuries, reducing combat penalties. Boosting Defense helps protect cities against the heavy nuclear and naval attacks we are currently facing. Increasing Espionage improves our counter‑intelligence as Rome and England are aggressively spying on us. Raising Wonder and Science flavors supports the upcoming Plastics research and potential future wonders for further science and production bonuses. Slightly raising Culture gives extra tourism for a possible time‑victory buffer while keeping production and gold at maximum to sustain war.",60262,1459,400,
32c8959d-e839-425e-80c0-8ab65d8cc9e4,2,413,Kimi-K2.5-Simple,"TURN 412 - TOTAL WAR CONFIGURATION: Declared war on Shoshone (5:1 military disadvantage) and Ottomans. Athens at 18HP must fall immediately. Shoshone has Artillery, Machine Guns, Special Forces and Triplanes adjacent to Sigtuna (zone 3173). UseNuke 100 ensures immediate launch capability when Nuclear Fission completes. CityDefense 100 for survival against overwhelming force. Mobilization 100 for emergency unit production. Maintain Offense/Defense/Air/Nuke/Antiair at 100 for desperate defensive stand.",openai-compatible/Kimi-K2.5,"TURN 412 - TOTAL WAR POSTURE: Changed UseNuke from 0 to 100 to enable immediate nuclear strikes when Atomic Bombs become available. Shoshone's 13748 military vs our 2556 makes conventional victory impossible. Athens at 16HP - capture imminent to free forces. Shoshone positioning Artillery and 4 Triplanes at Sigtuna for invasion. We have 12 turns until Flight completes, then Rocketry → Nuclear Fission. Must use nuclear weapons immediately upon availability. Maintained maximum Defense/Mobilization/Air/Antiair for survival until then.",46049,1582,824,
39171ec6-f78c-4116-95e7-b2871171abaa,3,315,Kimi-K2.5-Briefed,"FINAL GAMBLE - Indonesia wins in 12 turns. Maximum priority to Naval and Airlift for immediate unit transport to Indonesian theater. Nuke 100/UseNuke 100 - we MUST build nuclear weapons if possible, only realistic way to destroy cities and tourism infrastructure before victory. Science 100 to reach nuclear tech faster. Espionage 100 - spies MUST target cultural/tourism buildings in Jakarta/Denpasar/Makassar to reduce tourism output directly. Abandoning Denmark/England fronts entirely - all units to Indonesia NOW.",openai-compatible/Kimi-K2.5,"Removing nuclear strike priority - we are in the Industrial Era without access to atomic weapons, making this flavor wasted. Maintaining extreme aggression in all other categories (Offense 100, Mobilization 100, Naval 100, Production 100) to maximize damage to Indonesian cities with existing forces while diplomatic team secures coal for emergency production.",19452,5052,204,
39171ec6-f78c-4116-95e7-b2871171abaa,6,456,Deepseek-3.2-Simple,"Maintain aggressive military focus on capturing Polish, Roman, and soon Indonesian capitals. Increased UseNuke and Nuke to 100 to prioritize strategic nuclear strikes against enemy concentrations and cities, leveraging our atomic bomb stockpile. Air raised to 100 to maximize bomber and fighter effectiveness. All other high-priority flavors (Production, Science, Gold, Happiness, Diplomacy) kept at peak to support war economy, research, city-state alliances, and combat unhappiness penalty.",unknown,,0,0,0,originalUseNuke is not defined
44d20dd5-9784-48b7-a69c-b7b1ac0cdd8b,2,395,Kimi-K2.5-Simple,"Brazil's cultural victory timer ticks down to 22 turns - EXISTENTIAL CRISIS. While our military flavors are optimal, UseNuke at 50 is insufficient. Increasing to 100 ensures immediate nuclear deployment upon completing Nuclear Fission, bypassing AI hesitation. Brazil's 11,878 military strength vs our 8,014 means conventional victory is uncertain. Nuclear weapons are our only guaranteed method to: 1) Break Brazil's capital defenses, 2) Destroy their cultural infrastructure, 3) Trigger war weariness to slow their victory progress. Every turn of delay brings Brazil closer to cultural dominance. When we complete Nuclear Fission after Advanced Ballistics, we must strike Brasilia and Rio de Janeiro immediately. Current flavors already prioritize offense (100), mobilization (100), and nuclear arsenal buildup (Nuke: 100) - this completes the strategic triad by ensuring actual deployment. Denmark's defensive pact will trigger when we attack, providing crucial distraction while we focus on Brazil's core cities. This is civilization's final hour - hesitation means defeat.",unknown,,0,0,0,originalUseNuke is not defined
519e09dd-d268-4364-a113-4ffde99d7742,3,436,Kimi-K2.5-Briefed,"T435 GREECE CULTURAL VICTORY CRISIS: Greece 6 turns from victory (Turn 441). Shift to emergency mode - increase Nuke/UseNuke to 100 (Manhattan Project urgency), Offense to 30 (may need to attack Greece to stop victory), Mobilization to 50 (military production). Keep Science/Production/Gold at 100 for Spaceport completion. Espionage to 60 (spy disruption on Greece). Must acquire Uranium ASAP - sell Aluminum+Oil immediately.",unknown,,0,0,0,originalUseNuke is not defined
52733687-4985-48fa-a381-dcfc3bb49566,7,409,GLM-4.7-Briefed,"MULTI-THEATER EMERGENCY RESPONSE for Shoshone Cultural Victory (6 turns) and Treasury Crisis: Offense 95, Mobile 95, Nuke 100, UseNuke 100 - maximum priority on Shoshone disruption via nuclear/conventional assault in 6-turn window. Gold increased to 85 (from 70) - CRITICAL address of treasury exhaustion (~8 turns) through uranium sales + gem liquidation to survive until Manhattan completion. Defense reduced to 70 (from 75), CityDefense to 70 (from 80) - resources diverted from secondary holdings to Shoshone front. Diplomacy 95 (from 90) - enhanced priority on Carthage peace for delegate bloc and potential sanction relief. Science 100 maintained - fundamental for nuclear capability and keeping tech parity. This is all-hands-on-deck existential threat response.",openai-compatible/GLM-4.7,"ECONOMIC SUSTAINABILITY ADJUSTMENT TURN 408: Gold deficit CRITICAL (-242G/turn, 8 turns to exhaustion with 2,041G treasury). Gold increased from 70 to 90 to prioritize resource sales (Gems), uranium revenue (+60G/t), and commercial infrastructure. Offense reduced from 90 to 85 and Production from 95 to 90 to reduce expensive unit upkeep costs while maintaining war readiness. Science 100, Nuke 100, UseNuke 95 unchanged - Advanced Ballistics and nuclear capability remain ONLY viable countermeasure to Shoshone's 6-turn cultural victory. Diplomacy increased from 90 to 95 to emphasize Carthage peace (+30/+30 relationship leverages their 100% war-weariness and 38 delegates for World Congress vote in 1 turn). Conquest grand strategy maintained - disrupting Shoshone remains existential priority, but fiscal survival prerequisite for continued operations. AI will balance gold generation with military production, favoring high-ROI units and delegate accumulation.",23334,3131,302,
52dcb454-ba1c-4fca-884e-96ab1d4ff6f9,5,394,GLM-4.7-Briefed,"ETHIOPIA VICTORY IMMINENT - ALL-ONS: Ethiopia has 7/7 civs influenced and can win Cultural Victory ANY turn. Maximized Nuke and UseNuke to 100 (nuclear weapons are our only realistic option to destroy their tourism infrastructure given 30+ tile distance). Science maximized to 100 for urgent race to Nuclear Fission and atomic capabilities. Airlift increased to 80 for rapid troop deployment once forward bases established. Offense, Mobile, Air, Mobilization, Production all at 100 for maximum war readiness. Recon at 30 to find Ethiopian cities for nuclear targeting. Navy increased to 60 (from 50) for potential coastal delivery of nuclear weapons or establishing beachheads. Defense at 50 to conserve resources for offense. Every turn we delay is another turn Ethiopia might win - aggressive preparation for nuclear strike is the only viable path.",openai-compatible/GLM-4.7,"EMERGENCY NUCLEAR RAMP-UP: Nuke increased to 100 (maximum), UseNuke raised to 90 (willingness to launch against Ethiopia when ready). Science raised to 90 (from 85) to accelerate Nuclear Fission -> Manhattan Project -> Atomic Bombs. All offensive/military parameters maximized. Diplomacy maintained at 35 to preserve coalition voting. Supply at 64/64 full - no expansion, focus production on nuclear infrastructure and supporting offensive units. The 9-10 timeline for conventional strikes is unacceptable; nuclear weapons bypass the distance problem.",26231,1139,1331,
52dcb454-ba1c-4fca-884e-96ab1d4ff6f9,6,401,Deepseek-3.2-Simple,Maximize nuclear weapon production and willingness to use them to break enemy defenses and accelerate domination victory. All other military flavors remain high to sustain multi-front warfare.,openai-compatible/DeepSeek-V3.2,"Ethiopia's cultural victory is imminent; we must capture their cities swiftly. Nuclear weapons will be essential to break through heavily defended urban centers like Addis Ababa, Harar, and Gondar. Increasing Nuke and UseNuke flavors ensures the AI prioritizes Manhattan Project and atomic bomb production as soon as Nuclear Fission is researched, while also being more willing to employ tactical nuclear strikes to achieve decisive victories. Other military flavors remain maximized to sustain multi-front pressure.",70823,1123,221,
5a738af7-8523-492e-b0b1-da3aeb0af7f1,2,417,Kimi-K2.5-Simple,"Pure survival mode: Eliminated Offense (0) since attacking is suicide. Maximized UseNuke (100) - must deploy tactical nukes against Aztec XCOM/Modern Armor stacks at Carthago Nova or lose the city. Increased Mobile (80) to prepare for Mechanized Infantry deployment. Maintained max Defense, Antiair (jet attacks are relentless), and Espionage (critical science quests in Panama City and Sokoto worth 1,000+ science each). Apollo Program completes in 5 turns - must transition immediately to parts production.",unknown,,0,0,0,originalUseNuke is not defined
5a738af7-8523-492e-b0b1-da3aeb0af7f1,6,405,Deepseek-3.2-Simple,"The Aztecs have captured Shanghai and war resumes next turn. We must prepare for an overwhelming assault. Setting UseNuke to 100 ensures we will employ nuclear weapons defensively if necessary to halt their advance. MilitaryTraining at 100 prioritizes unit upgrades and quality, giving our outnumbered forces a fighting chance.",openai-compatible/DeepSeek-V3.2,"With the fall of Shanghai, the Aztec threat is immediate and existential. Our grand strategy remains Cultural victory, but survival is paramount. Flavors are set to maximize military production (Production, Mobilization), city defense (Defense, CityDefense), and air capabilities (Air, Antiair) to counter their bombers and ground units. Science and Gold at 100 are critical to rush Radar (Fighters) and fund upgrades. Culture, Great People, Wonder, Religion, and Diplomacy remain high to continue our victory path, but military readiness takes precedence. Non-essential flavors (Expansion, naval focuses) are minimized to concentrate resources.",155747,305,4213,
5b395417-927b-48af-a14f-d2a1d95c7687,2,414,Kimi-K2.5-Simple,"Germany has secured diplomatic victory (47/44 delegates). With 6 turns until World Congress formalizes their win and their 45,696 strength army crushing my 9,700 forces, survival mode activated. Maxed Defense/CityDefense/Antiair at 100 to withstand inevitable German invasion. Increased UseNuke to 100 - if I acquire nuclear weapons, immediate tactical strikes against German concentrations to buy time. Offense reduced to 90 (from 100) to balance survival with opportunistic attacks on Netherlands/Portugal cities. High Naval 100 for coastal defense and potential amphibious operations. Production maximized for emergency unit generation. All civilian flavors minimized - only military output matters. Goal: preserve maximum score when diplomatic victory triggers or hold until turn 500 time victory.",unknown,,0,0,0,originalUseNuke is not defined
601235cd-319e-42f3-889f-63e437e83170,2,406,Kimi-K2.5-Simple,"TURN 405 EXISTENTIAL CRISIS - MAXIMUM NUCLEAR READINESS: Dutch cultural victory imminent (163% influence, 6/6 civs). Increased UseNuke from 60 to 100 - we must deploy atomic bombs immediately upon completing Manhattan Project to break Amsterdam's defenses. All other flavors sustained: Offense/Mobilization/Air/Mobile at 100 drive Heavy Bomber and Mechanized Infantry production. Naval 85 maintains destroyer/submarine pressure. Espionage 100 sustains critical spy networks (Amsterdam 450, Cusco 1341). Science 100 prioritizes Atomic Theory (9 turns) then Nuclear Fission path. Zero expansion, zero wonder focus - all resources to terminal assault. Spies in Amsterdam ready for sabotage when network peaks; Cusco network already massive for military intelligence.",unknown,,0,0,0,originalUseNuke is not defined
6022534b-fdae-48af-a3b6-0e8d4708fb76,2,424,Kimi-K2.5-Simple,"DELHI SECURED (3RD CAPITAL = 38% DOMINATION). Pivoting all forces to Edinburgh (Celtic capital = 4th capital = 50% victory) and London (English capital = 5th = 63%). Djenne declared war but irrelevant. Escalating UseNuke to 100 for immediate atomic bombardment of Edinburgh and London once Nuclear Fission completes. Maintaining maximum offensive posture with combined arms (Heavy Bombers, T-34s, Helicopter Gunships, Naval forces). America peace treaty expired - war imminent for Washington (6th = 75%). World Congress in 8 turns ignored - domination priority absolute.",unknown,,0,0,0,originalUseNuke is not defined
6022534b-fdae-48af-a3b6-0e8d4708fb76,3,427,Kimi-K2.5-Briefed,TURN 426 TOTAL WAR POSTURE: American declaration requires immediate military mobilization. Offense 80 and Mobile 80 to exploit America's distant/weak military position. Nuke/UseNuke 100 as final deterrent if India approaches victory. Culture 100 maximum priority - must generate tourism to counter India's influence. Production 90 for emergency unit purchases with 2516 gold treasury. Defense 50 to guard against potential American DP response (though briefing confirms no American units near borders).,unknown,,0,0,0,originalUseNuke is not defined
6022534b-fdae-48af-a3b6-0e8d4708fb76,4,499,GLM-4.7-Simple,"Maximum Science (100) and Production (100) to accelerate Stealth research and subsequent Stealth Bomber construction for air parity. Air (100), Defense (100), Antiair (100), and CityDefense (85) address existential threat from Russia's 8 Stealth Bombers by prioritizing air defense infrastructure and protecting homeland. UseNuke (100) and Nuke (100) maintain nuclear deterrence posture after Russia's 2 SS Boosters - Russia must understand that launching would trigger our response despite lacking uranium stockpile. Espionage (100) maxed to monitor Russian spaceship part production in Moscow, Yekaterinburg, and key cities - our 10 spies in Russian cities provide critical intelligence on their victory timeline. Diplomacy reduced to 5 since World Congress voting is now; alliances with England and The Celts (Autocracy-aligned) should naturally align against Russia's UN proposal. Spaceship flavor set to 0 as Stealth research takes immediate precedence - spaceship parts scheduled once production capacity supports parts with Stealth Bomber protection.",openai-compatible/GLM-4.7,"Critical race conditions persist as Russia's United Nations proposal is being voted on RIGHT NOW (turn 498) and their spaceship is at 50% completion. No changes to major parameters - all critical priorities remain at maximum: Science (100) to accelerate The Internet research (12 turns remaining) followed by Stealth to counter Russia's 8 Stealth Bombers; Production (100) for military units and future spaceship parts; Defense (100) with homeland defenses solidified and Russia's war score only 6%; Air (100) for eventual Stealth Bomber construction once research completes; Espionage (100) to monitor Russian spaceship and steal tech. Reduced Antiair slightly from 90 to 85 as Mobile SAMs are being produced (3 new units this turn: New York, Philadelphia, Heliopolis) and air defense posture is maturing. Spaceship remains at 95 priority as Russia's 50% progress and acceleration demand urgency - we must be ready to build parts immediately upon research completion. Diplomacy at 50 continues to support World Congress voting bloc with England (12 votes) to block Russia's UN proposal.",38133,1535,423,
7a626321-ea83-49c4-bb23-15ad685ffa63,2,354,Kimi-K2.5-Simple,"India is 100% Popular with me - on the verge of cultural victory. Must launch immediate total war with all available forces. Prioritizing air power, paratroopers, and nuclear preparation (Atomic Theory in 11 turns). Need maximum offensive punch to capture Indian cities before cultural victory triggers. Abandoning culture/diplomacy - only war matters now.",unknown,,0,0,0,originalUseNuke is not defined
7b9bd904-970f-4d81-a567-c7d59cdb73fc,6,411,GLM-4.7-Simple,"EXISTENTIAL DEFENSE AGAINST RUSSIAN DIPLOMATIC DOMINANCE - UN vote in 10 turns with Russia at 95% victory (40 delegates vs blocking coalition 43). Maintaining UnitedNations grand strategy - abandoning now wastes diplomatic investment when Spain alliance (30 delegates) + my 13 + vassals 13 = 56 votes barely blocks Russia's 40. Just need to HOLD for 10 turns. Adjustments: Defense/CityDefense/Antiair +2 each (97) to prepare for Russian air/naval escalation (Jet Fighter produced). Production +5 (87) to accelerate factories, military academies, nuclear infrastructure after Workers' Faculties in 2 turns. Gold +5 (74) for emergency defensive purchases. Diplomacy +18 (100) maximum - urgency to maintain Spain alliance, potentially reposition spies. Science maintained at 100 - primary path to Nuclear Fission (4 turns) for atomic deterrent against Russia's 9x military advantage. Nuke/UseNuke remain 100 - nuclear development remains emergency priority. Air +5 (61) to counter Russian air superiority. Naval +5 (75) after destroyer loss to Russian submarines. Espionage +5 (95) for critical city-state election rigging counter-intelligence. Offense/Ranged/Mobile unchanged - no offensive capability against Russia's superior forces. Goal: SURVIVE 10 turns to block Russian diplomatic victory, accelerate nuclear deterrent as backup, strengthen defensive lines.",unknown,,0,0,0,originalUseNuke is not defined
7f219acb-6c23-49dc-bde1-fa1602646bf5,3,489,Kimi-K2.5-Briefed,"CULTURE VICTORY SPRINT WITH NUCLEAR ELIMINATION: Songhai diplomatic victory on Turn 489 is EXISTENTIAL. Must capture Gao THIS TURN using ICBM+nukes to prevent game loss, while simultaneously rushing cultural victory (4 turns to influential over Japan/Songhai). Maximum Offense/Mobilization/Air/Nuke/UseNuke flavors ensure tactical AI prioritizes immediate nuclear strike on Gao and mass bomber deployment. Culture at 100 to maximize tourism conversion. Gold at 80 for emergency unit upgrades/purchases. Production at 100 for culture buildings/units. Disable all long-term flavors (Expansion, Science, Spaceship) - this is win-or-die emergency.",openai-compatible/Kimi-K2.5,TURN 489 EXISTENTIAL CRISIS: Songhai will win diplomatic victory automatically on Turn 489 (next turn!) with 41 delegates unless eliminated IMMEDIATELY. Culture needs 4 more turns minimum for Japan+Songhai influence + Citizen Earth Protocol. ONLY OPTION: Nuclear strike on Gao to eliminate Songhai NOW. Maximum Offense/Mobilization/Air for immediate strike capability. Nuke/UseNuke at 100 for guaranteed city destruction. Culture at 90 to pivot instantly to cultural victory once Songhai eliminated (buying 8+ turns before next WC vote). Cannot allow diplomatic auto-loss.,16813,2487,483,
7f542eda-1718-4c1e-a28e-775a77dfb181,2,367,Kimi-K2.5-Simple,"EMERGENCY DEFENSE POSTURE: Morocco at 38/45 delegates with voting in 2 turns. Maximum Defense/Mobilization/Nuke/UseNuke (100) for deterrent posture - atomic bombs only leverage against Morocco's overwhelming force. Max Science (100) to rush Satellites first (4-6 turns) then pivot to Nuclear Fission. Satellites enables ISS project which could provide emergency Great Scientists or shift world production focus. Max Espionage to flip Wellington/Vancouver from Morocco. Reduced Offense (10) - deterrence only, not aggression. Spaceship remains long-term goal but survival comes first. If Morocco reaches 44 delegates or declares war, activate nuclear first strike.",openai-compatible/Kimi-K2.5,"MAINTAINING NUCLEAR DETERRENT CRISIS POSTURE with critical adjustments: Morocco at 38/45 delegates (84% to victory), voting in 2 turns. Maximum Defense (100), Mobilization (95), Nuke (100), UseNuke (98) for deterrent posture - atomic bombs are only leverage against Morocco's 10,314 military vs my 3,145. Max Science (100) to rush Nuclear Fission. Max Espionage (100) to flip Wellington/Vancouver/Ife from Morocco using my three spies already in position. Max Diplomacy (100) to coordinate with France/Aztecs against Morocco. Increased Ranged (80) and Air (65) for better defensive coverage. Reduced Offense (5) - only deterrence, not aggression. Spaceship (85) remains long-term goal but nuclear deterrent and survival are immediate priorities.",54936,721,1398,
813319c3-a8fc-4401-9d53-1c1424badd4e,6,485,Deepseek-3.2-Simple,"We are engaged in a multi-front war against superior forces. Increasing Ranged and Mobile ensures our bazooka and mechanized infantry production is prioritized for defense and counterattacks. Setting UseNuke to 100 guarantees we deploy nuclear weapons as soon as available to cripple The Huns' armies. Reducing Culture and Diplomacy reallocates focus to immediate military needs without compromising essential city-state relations (Monaco, Lisbon). Grand Strategy remains Conquest as nuclear strikes may enable capital captures, though we keep science victory as a backup.",openai-compatible/DeepSeek-V3.2,"Our multi-front war demands maximum military focus, but we must also accelerate great person generation for Monaco and Lisbon quests (Great Musician and Great Writer) to secure city-state alliances. Increased Science, Production, Gold, and TileImprovement are critical to advance our nuclear program, upgrade units, and develop Uranium resources. Reducing Recon, Mobile, and Ranged slightly reallocates focus to these priorities without compromising defense. Grand Strategy remains Conquest as we are at war with all major powers and must capture capitals for domination.",53064,441,870,
8144e384-227c-4376-a48b-8675c9caab80,6,433,Deepseek-3.2-Simple,"We now have atomic bombs produced at Te-Moak and Agaidika. Setting UseNuke to 100 ensures the AI will employ them against high-defense capitals, especially Vienna (74 defense) and Stockholm (109). This is crucial to break through enemy fortifications and accelerate our domination victory. Other military flavors remain maxed to sustain multi-front offensives.",openai-compatible/DeepSeek-V3.2,"The situation remains critical. Sweden's massive counteroffensive on the northern front (events show heavy air-to-air combat losses of our fighters, destruction of one infantry unit) demands an immediate and overwhelming response. Our forces in Frankfurt/Innsbruck zones are at 'Even' dominance and must be reinforced. We must produce atomic bombs (Nuke:100) to crack Vienna (74 defense) and Stockholm (109). Gold (90) and Infrastructure (75) are needed to sustain our negative GPT (-119) and improve logistics. All military flavors remain maxed to sustain the multi-front offensive and replace losses. Grand Strategy stays Conquest.",236096,2782,6266,
87da240a-4d1f-49d4-a01a-ad8be42c564c,2,423,Kimi-K2.5-Simple,Turn 422: CRITICAL SURVIVAL MODE. Raiatea at 33% health under Indonesian assault. Nuclear Fission 9 turns away - must survive until then. Maximized UseNuke to 100 for immediate nuclear deployment upon tech completion. Reduced Offense to 20 (pure defense only). Maintained Defense/CityDefense/Mobilization/Air/Antiair/Nuke/Production at 100 for maximum survival capacity. Increased Espionage to 90 for Harappa election rigging (oil critical). Eliminated Expansion/Wonder/Culture priorities. Growth reduced to 15 - population loss acceptable versus losing cities.,unknown,,0,0,0,originalUseNuke is not defined
87da240a-4d1f-49d4-a01a-ad8be42c564c,3,335,Kimi-K2.5-Briefed,NUCLEAR EMERGENCY - BRAZIL WINS IN 4 TURNS: Maximum crisis flavors. Nuke/UseNuke 100 for instant strike capability if we have any. Espionage 100 to steal Great Works or disrupt Brazil. Diplomacy 100 for emergency resource trades. Gold 90 to buy anything available. Production 100 for immediate unit building if we get Coal. Airlift 80 for rapid deployment. Defense reduced to 20 - we need OFFENSE to survive. This is Hail Mary time.,unknown,,0,0,0,originalUseNuke is not defined
87da240a-4d1f-49d4-a01a-ad8be42c564c,6,453,Deepseek-3.2-Simple,"We are preparing for a war of independence against Portugal. Increasing UseNuke to 100 ensures we will employ atomic bombs as soon as we secure Uranium, which is critical for breaking Portuguese defenses. Raising Diplomacy to 80 helps us secure city-state alliances for Uranium resources and additional delegates, while maintaining our military focus.",openai-compatible/DeepSeek-V3.2,We are on the brink of Portuguese diplomatic victory and must prepare for rebellion. Increasing UseNuke ensures we deploy atomic bombs when available to break Portuguese defenses. Boosting TileImprovement accelerates tile development for immediate production and gold to fund military buildup. Maintaining Conquest grand strategy focuses all efforts on military domination to retake our capital and thwart Portugal's victory.,40639,2228,110,
8c1b93b7-317c-4849-b8b5-07fe5a266efd,2,376,Kimi-K2.5-Simple,"Turn 376: Manhattan Project complete - Atomic Bomb ready for immediate deployment against Madrid. UseNuke increased to 100 to guarantee nuclear strike on Madrid (pop 37, defense 55). Spain at 61% diplomatic victory must be eliminated NOW. All combat flavors remain at maximum. Slight increase in Spaceship flavor (45) to prepare infrastructure for post-Spain pivot to race Ethiopia. Gold and Science prioritized to sustain war economy and tech progression toward Satellites after Nuclear Fission completes.",openai-compatible/Kimi-K2.5,"Turn 376: Nuclear weapons now available - UseNuke increased to 100 for maximum atomic strike probability. Madrid must be captured IMMEDIATELY before Spain wins diplomatic victory (61% progress, voting in 6 turns). All combat flavors remain at maximum intensity. Increased Spaceship to 40 to prepare infrastructure for pivot against Ethiopia after Spain eliminated. Atomic Bomb should be used on Madrid now - no hesitation with nuclear strikes against strategic targets.",59221,842,663,
90ab28bb-debb-4b64-b948-c47c35165135,2,485,Kimi-K2.5-Simple,"Turn 485/500 - 15 turns remaining. Spaceship victory ONLY path. Maximum Science (100) and Production (100) for spaceship parts. Absolute Defense/CityDefense/Nuke/Antiair/Air at 100/100/100/100/100 against American threat (35k military). Offense at 0 - zero risks. UseNuke at 100 for deterrence against America. Espionage at 90 for tech stealing from America/China if possible. Culture/Wonder/Religion/Diplomacy at 0 - no distractions. Telecommunications completes in 2 turns, Robotics next for Spaceship Factory critical production bonus.",unknown,,0,0,0,originalUseNuke is not defined
90ab28bb-debb-4b64-b948-c47c35165135,4,457,GLM-4.7-Simple,"Continuing United Nations strategy with defense emphasis ahead of nuclear capability. Nuclear Fission completes in 2 turns - Atomic Bombs provide deterrence. Defense increased to 90 (from 85) - our fortified positions are holding but America's military advantage requires stronger defensive posture. Antiair increased to 95 (from 90) - critical after losing Heavy Bomber to American interception; need stronger air defense. Mobilization increased to 55 (from 50) - accelerate military production including atomic infrastructure. Air at 90 continues successful bomber-interceptor tactics. Gold at 100 maximizes economy for unit purchases and city-state influence. Diplomacy at 100 remains critical for World Congress coalition against America's 30 delegates (voting in 5 turns). Nuke and UseNuke remain 100 - once Nuclear Fission completes, atomic weapons become priority deterrent. Science 85 maintains tech pace. Offense stays 40 - continue defensive attrition war until nuclear capability achieved.",unknown,,0,0,0,originalUseNuke is not defined
93979b7e-ce26-425f-ad5c-7b305109aa86,6,406,Deepseek-3.2-Simple,"Germany's siege is intensifying with Giant Death Robot and rocket artillery bombarding Amsterdam and The Hague. We must hold our core cities at all costs. Increase Nuke and UseNuke to 100 to prioritize atomic bombs as our only hope to break the siege. Maintain max Defense, CityDefense, Mobilization, Air, and Antiair to withstand the assault. Slightly raise Offense to 80 for tactical counterattacks against weakened units. Keep Diplomacy at 100 to secure city-state alliances and block Germany's diplomatic victory in the upcoming World Congress vote. Reduce Recon and Mobile as we cannot afford exploration or maneuver warfare now.",openai-compatible/DeepSeek-V3.2,"Turn 405: The Hague and Amsterdam continue under heavy German bombardment; city health is critically low (31%, 39%). Must maintain maximum defense and city defense to hold. Mobilization, Production, Gold, Science at 100 to pump out units, fund upgrades, and rush Nuclear Fission. Offense at 70 to counterattack weakened units. Nuke/UseNuke at 80 to prepare for atomic weapons. Antiair and Air at 100 to counter German air superiority. Diplomacy at 100 to contest city-states and prevent German diplomatic victory (41 delegates, needs 42). Espionage at 100 for counterspionage and stealing tech. Zero Expansion/Wonder; survival first. Keep UnitedNations grand strategy to block Germany's diplomatic win.",60078,0,579,
9d869363-cdf7-477a-9dc4-9d7c4ad6743c,6,369,Deepseek-3.2-Simple,"Increasing UseNuke and Nuke flavors to maximum ensures the in-game AI prioritizes nuclear arsenal buildup and aggressive nuclear strike planning once we unlock Atomic Bombs. This aligns with our imminent war against China and The Maya, where nuclear weapons will be decisive in overcoming their numerical and defensive advantages. All other military and economic flavors remain high to sustain multi-front warfare and rapid conquest.",openai-compatible/DeepSeek-V3.2,"Maintaining our Conquest grand strategy. We are increasing UseNuke to 90 and Nuke to 100 to aggressively prioritize the development and use of nuclear weapons in the coming war with China and The Maya. Given China's defensive pact with The Maya and their strong bomber force (visible near Samarkand and Taghaza), we are setting Antiair to the maximum 100 to ensure we build sufficient counter-air units. Air remains at 100 to achieve and maintain air superiority. All other military flavors (Offense, Mobilization, etc.) remain appropriately high from our previous settings to sustain our offensive momentum against The Aztecs and Japan while preparing for the larger conflict.",111758,412,3262,
9d869363-cdf7-477a-9dc4-9d7c4ad6743c,7,391,Deepseek-3.2-Briefed,Egypt is 6/6 on cultural victory and India is nearing diplomatic victory. We must accelerate nuclear production to strike Thebes and disrupt Egypt's tourism. Increasing Nuke and UseNuke to 100 ensures maximum priority for atomic bomb construction and deployment. High Production and Gold flavors support rushing Manhattan Project and buying bombs if possible. Espionage at 100 aids sabotage of cultural progress. Maintaining high military flavors prepares for conventional assaults on Egypt and India.,openai-compatible/DeepSeek-V3.2,"Egypt is 6/6 on cultural victory and must be stopped immediately. Increasing Nuke and UseNuke to maximum ensures rapid production and deployment of atomic bombs against Thebes. High Production, Science, and Gold support the nuclear program and military buildup. Happiness prevents war weariness issues, and Espionage aids in sabotaging Egypt's cultural progress. Other military flavors remain high to sustain conventional offensives and defense.",21278,2105,340,
9dea9684-fe71-4a33-af5f-b2a4d1de0125,2,410,Kimi-K2.5-Simple,"CATASTROPHIC situation: Rome captured Zuunmod, gained 5th capital (50% of domination victory). Modern Armor and Helicopter Gunships penetrating my territory. Barcelona's Atomic Bomb completes in 3 turns - this is my only deterrent. Maximum defensive posture essential. Prioritize Nuke/UseNuke to 100 - nuclear weapons are the only thing that can stop Rome's overwhelming conventional force. Maintain Production and Science for SSC components if I survive. Salamanca at 39% health requires emergency defense.",unknown,,0,0,0,originalUseNuke is not defined
9e593c2c-f312-4973-983c-ae3f46a274d2,2,387,Kimi-K2.5-Simple,TURN 387: MAXIMUM WAR FOOTING. Austria at 83% diplomatic victory with 4 turns remaining. All resources must pivot to immediate military production. Nuke/UseNuke at 100 for instant atomic weapon deployment upon Nuclear Fission completion. Offense/Mobilization/Production at 100 to maximize unit output for desperate Vienna strike. Air at 90 for heavy bomber production (conventional strategic bombing as fallback). Antiair at 100 counters Austria's air superiority. Diplomacy/Wonder/Culture at 0 - no time for long-term investments. Only total war can prevent defeat.,openai-compatible/Kimi-K2.5,"TURN 387: World Congress voting in 4 turns - Austria at 36/43 delegates (83%). Conventional diplomatic paths blocked (Bucharest war, all city-states inaccessible). Maintaining maximum nuclear focus (Nuke 100/UseNuke 50) and production (95) for immediate atomic weapon construction once Nuclear Fission researched. High CityDefense (90) and Antiair (100) critical as Austria fields Heavy Bombers near Vienna. Carthage-America-Songhai coalition (30 delegates) vs Austria-Portugal bloc (59 delegates) - outcome uncertain but military preparation for post-vote survival essential. War with Austria must continue to prevent immediate diplomatic victory.",56843,4347,536,
a3d99a5a-ce0e-4cd8-a1f2-dd420e27cbd2,6,409,Deepseek-3.2-Simple,We are shifting our military focus towards nuclear capabilities and naval superiority in preparation for the final wars of conquest.,openai-compatible/DeepSeek-V3.2,"We are in the final stages of the Greek war and preparing for the inevitable conflict with the Maya. Increasing Nuke and UseNuke flavors will prioritize production and willingness to employ nuclear weapons, which are critical for breaking Maya's advanced defenses and securing domination. Our military production and science remain high to support this aggressive posture.",71756,967,101,
a83b5a40-9af3-4e4d-9c16-245aae599875,3,392,Kimi-K2.5-Briefed,"SURVIVAL FLAVOR MATRIX: Grand Strategy Spaceship maintains - we have NO other path except Science Victory before Spain's culture wins or launches spaceship. Defense 100 is maximum - Antium at 23 HP requires every defensive priority. Air 100 still critical - Aerodrome MUST be next build in Stockholm. Production 100 enables rapid Landship/AA gun construction. Nuke 100/UseNuke 100 - Spain's cultural dominance (287% over us) and Apollo completion means conventional war is unwinnable. Nuclear weapons are only asymmetric option to destroy their spaceship parts or Dreadnought fleets. Offense 0 - we cannot attack, only defend and deter.",unknown,,0,0,0,originalUseNuke is not defined
ae2558d9-a8fa-4670-8770-8e7aded68995,3,473,Kimi-K2.5-Briefed,WC VOTE CRISIS + NUCLEAR DETERRENT: Diplomacy maxed to 100 to ensure immediate completion of Utica tribute quest from Riga (securing +3 critical delegates before WC vote). Nuke/UseNuke at 100 for immediate deterrent deployment once platform acquired. Science/Spaceship/Production maintained at high priority for Apollo catch-up after WC resolved. Naval increased to 60 for Battleship/Carrier construction as nuclear platform. Reduced Culture/Religion/Wonder to minimum to focus resources on existential priorities.,openai-compatible/Kimi-K2.5,"UTICA QUEST PRIORITY + NUCLEAR DELIVERY ACQUISITION: WC vote imminent - must complete tribute quest for Utica flip (order wins 69-68). Boost Diplomacy to 80 to prioritize tribute quest completion before vote. Reduce Nuke 100→85 and UseNuke 90→75 after Manhattan completion - deterrent acquired but deployment pending platform. Increase Recon 15→25 for tribute quest mobility to Riga. Maintain Science/Spaceship at 100 for Apollo catch-up (10 turns behind Aztecs). Production 95→90, Infrastructure 75→65 to free flavor for diplomatic push. Defense 50→45 as nuclear deterrent reduces immediate conventional threat.",19713,669,720,
ae2558d9-a8fa-4670-8770-8e7aded68995,6,428,Deepseek-3.2-Simple,"We are in the final stages of domination victory. Our immediate targets are Spanish capitals Madrid and Cordoba, which require nuclear bombardment followed by ground assault. We must prioritize nuclear production (Nuke/UseNuke at 100) and naval/air supremacy to project power across oceans. Maintaining high production, gold, and science ensures we can continuously build military units and upgrade our forces. Diplomatic and espionage flavors secure our city-state alliances and intelligence on enemy movements. Zero expansion/wonder focus as we are in total war mode.",openai-compatible/DeepSeek-V3.2,"Our Conquest grand strategy remains unchanged and is delivering decisive results. Our military dominance (90,576 vs Aztec 24,779) is overwhelming. Production is focused on Atomic Bombs and Rocket Artillery to crush Spanish capitals (Madrid, Cordoba). We have completed an Atomic Bomb this turn and upgraded to Rocket Artillery. Our naval supremacy (Fleet Destroyers, Dreadnoughts) and air power (Heavy Bombers) are ready to project force across oceans. We maintain maximum flavors for Offense, Mobilization, Nuke, Naval, Air, and Antiair to ensure total war focus. High Diplomacy, Gold, and Science ensure we maintain city-state alliances, fund our war machine, and keep tech edge. No need for Wonder or Expansion—all efforts on conquest.",66270,0,667,
af314290-d26e-4281-85d3-ad9dd7dbcb00,2,390,Kimi-K2.5-Simple,Emergency defensive posture with nuclear deterrent imminent. Greece's 3:1 military superiority and diplomatic victory attempt in 6 turns creates existential crisis. Nuclear Fission completes in 1 turn with 14 uranium ready. Maximize UseNuke (100) for immediate atomic deployment. Maintain Defense/CityDefense/Mobilization at 100 to survive until deterrent operational. Reduce Naval from 95 to 85 as American destroyer threat is severe but manageable. Boost Espionage to 100 to protect science cities and maintain election rigging in Enns. Increase Spaceship to 95 as backup victory path if culture is disrupted. Diplomacy raised to 80 to counter Greece's 34 delegates in upcoming World Congress vote on United Nations proposal.,openai-compatible/Kimi-K2.5,"Boosting Science to 100 accelerates Nuclear Fission, Electronics, and potential spaceship backup path. Increasing Spaceship to 95 reflects dual-track strategy - cultural victory primary, but scientific victory as fallback if Greece blocks tourism. Diplomacy increased to 75 for post-nuclear alliance coordination. Maintaining all defensive flavors (Defense/Mobilization/CityDefense at 100) ensures survival until atomic deterrent operational. Espionage remains at 100 for intelligence advantage.",56245,1218,1148,
b24d37ee-16aa-4fcf-b43d-72e129c1a1e3,2,395,Kimi-K2.5-Simple,"Critical survival mode: Austrian military strength increased to 25,518 (6.8:1 ratio) with peace treaty expired. Reduced Offense to 0 to stop wasting resources on Polynesian war - need immediate consolidation. Maintained Defense/Mobilization/Nuke at maximum for existential defense. Increased Spaceship to 70 as backup victory path. Espionage at 100 to steal technologies from Austria. We have 7 turns to achieve Influential with Babylon for Cultural Victory while surviving Austrian onslaught. Nuclear deterrence is our only hope.",unknown,,0,0,0,originalUseNuke is not defined
b56efb28-a34e-462c-a75a-c062366b51da,6,370,GLM-4.7-Simple,"CRISIS MODE - Chicago at CRITICAL 28 HP after tank attacks, Washington taking 300+ naval bombardment damage. Shoshone built Strategic Defense System in Moson Kahni - nuclear interception capability developing. DRAMATICALLY reduced Offense (20→10) - no attacking capability exists. Increased Mobilization (90→95) - Arsenal completion in Chicago is survival priority. Increased Air (85→90) - Shoshone Triplanes (4 visible in New York zone) need interception, though America has minimal air forces. Increased Naval (75→70) - slight focus reduction as Washington's sea zone is completely dominated (5 Destroyers, 2 Dreadnoughts vs minimal friendly naval. Production, Science, Gold, Happiness, Espionage all at 100 - every resource needed for survival. Manhattan Project 5 turns away - UseNuke at 100 once nuclear capability achieved. NO resources for Expansion, Growth, Wonders - survival only.",openai-compatible/GLM-4.7,"Keep-status-quo with minor adjustments. Manhattan Project completes in 4 turns at Washington - nuclear deterrence imminent. Ballistics research (from Mercantilism switch to Ballistics) accelerates Anti-Aircraft Gun (critical for B17/Triplane air defense). Slightly reduced Offense (20→18) and Mobilization (90→85) to reduce unit supply pressure (8 units/25 supply cap) as Greece carries offensive burden. Increased CityDefense (100→100 maintained), Gold and Science at 100 critical for -165 GPT economy and rapid AA gun upgrades. Imperialism branch adoption pending (Wind/Movement/Mobile/Naval/Air(Rifle -> Machine Gun) upgrades focusing defensive firepower. Marines provide amphibious capability. Economic crisis eased slightly (-165 vs -173 GPT). Maintain defensive posture until Manhattan Project completion, then nuclear diplomacy.",42600,1404,684,
b895014b-e6f4-4d99-8674-98bd2396dae3,2,457,Kimi-K2.5-Simple,NUCLEAR FIRST-STRIKE PREPARATION: Manhattan Project completes in 2 turns. Denmark at 7/8 capitals (87.5% domination) - will win game if they capture 1 more capital. Spain's only hope is surprise nuclear attack the moment first Atomic Bomb is ready. Maximized Nuke/UseNuke/Production/Mobilization flavors to prepare for immediate atomic weapon production and deployment. Defense/Antiair high to survive Danish air superiority until then. All other priorities secondary to nuclear deterrent.,openai-compatible/Kimi-K2.5,CHECKMATE AVERSION - Denmark will win Diplomatic Victory in 10 turns via Global Hegemony (49/40 delegates). Manhattan Project completes in 2 turns but Nuclear Fission unavailable until Enlightenment policy in 11 turns (1 turn too late). Must maintain deception (lower Offense to 60) while rushing nuclear deterrent. Heavy Production and Science focus to maximize bomb output once Fission acquired. Naval reduced slightly as naval war against Denmark's 80k strength is unwinnable without nuclear missiles. Diplomacy deprecated - city-state game already lost to Danish Sphere of Influence resolutions. Only hope is surviving vote or post-vote nuclear blackmail if Denmark somehow doesn't_secure majority.,66931,3675,562,
b895014b-e6f4-4d99-8674-98bd2396dae3,6,452,Deepseek-3.2-Simple,"Denmark's invasion imminent in 4 turns. Maximize nuclear readiness (Nuke 100, UseNuke 100) for deterrence and potential equalizer. Anti-air (100), city defense (100), production (100), and science (100) essential to survive and reach nuclear weapons. Naval and air at 100 to counter Danish naval/air supremacy. Reduce non-essential investments (NavalGrowth, NavalTileImprovement to 50) and focus on immediate survival. Offense lowered to 80 as we prioritize defense and limited counterattacks (e.g., Truro).",openai-compatible/DeepSeek-V3.2,"Denmark's peace treaty expires in 4 turns, and their overwhelming military (66k vs. our 3.4k) poses an existential threat. Our only hope to deter or cripple their advance is nuclear weapons. Increasing Nuke to 100 ensures maximum focus on building atomic bombs once Nuclear Fission completes (16 turns). UseNuke at 90 signals willingness to deploy them defensively if our cities are at risk. All other flavors remain at previously set survival-optimized levels: high anti-air, production, science, and defense to withstand the coming onslaught.",49406,2422,153,
b9d51583-0581-49b1-a256-9d2121c8ff9b,6,353,Deepseek-3.2-Simple,"India's nuclear capability and air superiority (B17, carriers) demand maximum readiness for nuclear retaliation and air defense. UseNuke at 100 ensures our AI will consider nuclear strikes when strategically necessary. Maintaining UnitedNations grand strategy is critical to survive and win diplomatically, as India is too far ahead in science and domination.",openai-compatible/DeepSeek-V3.2,"Total war against India requires maximum defensive posture. Keep Defense, CityDefense, Mobilization, Air, Antiair, Naval at 100 to withstand assaults and contest seas. Increase UseNuke to 95 for nuclear retaliation readiness. Maintain high Science and Production for unit building and tech parity. Diplomacy at 100 to secure city-state alliances and votes against Sweden's Decolonization proposal. Espionage at 100 to counter Indian spies. Zero Expansion and Wonder—no distractions. Grand Strategy remains UnitedNations: our only viable victory path is diplomatic, leveraging city-state alliances and ally votes.",214206,388,6840,
bba2aaae-411c-4e5c-9ab1-d4543c806a82,6,396,Deepseek-3.2-Simple,"Increase NavalRecon, Air, Nuke, and UseNuke to 100 to prioritize building a navy and air force to reach the distant Celtic lands and consider nuclear strikes. We must halt their cultural victory by any means. Other fronts (vs Denmark, France, China, Ottomans) require high defense and mobilization, so we maintain those at 100. Non-essential flavors are minimized to focus on military survival and victory.",unknown,,0,0,0,originalUseNuke is not defined
c12ee2e2-205b-4c98-8649-ceedb2e11ed7,3,391,Kimi-K2.5-Briefed,"T391 CRITICAL PRODUCTION CORRECTION: Military briefing confirms AA-Gun production failed to start in Tarsus and Research Lab missing in Gordium despite defensive priorities. Reduce Offense 70→50 and Mobile 85→70 to focus AI bandwidth on critical infrastructure. Increase UseNuke 85→100 to ensure immediate atomic deployment upon Manhattan Project completion. Increase Espionage 75→85 to capitalize on successful Panama City election rigging and continued Hunnic/Siamese intelligence operations. Maintain all defensive, antiair, and nuclear production priorities at maximum.",unknown,,0,0,0,originalUseNuke is not defined
c535a2d4-e144-4304-a7bf-b7e6630f0b6d,2,405,Kimi-K2.5-Simple,"TURN 405 MAXIMUM EMERGENCY: Nuclear Fission priority increased to 100/100 - Manhattan Project completes in 2 turns, atomic bombs MUST be produced immediately. All offensive parameters at absolute maximum: 100 Offense/100 Mobilization/100 Mobile/100 Air/100 Nuke/100 UseNuke. Strike forces at Ecbatana/Kar-Tukulti-Ninurta must execute immediate conventional assault on Palenque/Chichen Itza while preparing tactical nuclear strikes. ZERO tolerance for peace. ONLY objective: capture Maya cities and halt Citizen Earth Protocol. Production 100 ensures rapid unit replacement. Espionage 70 continues spy operations in Maya cities.",openai-compatible/Kimi-K2.5,"TURN 405 EMERGENCY: Maya building Citizen Earth Protocol with 5/5 influential civs = instant cultural victory when completed. Manhattan Project completes in 2 turns. All offensive parameters maintained at maximum - Offense 100, Mobile 100, Air 100, Nuke/UseNuke 100 for immediate atomic deployment once research completes. Strike forces at Ecbatana/Kar-Tukulti-Ninurta must assault Palenque/Chichen Itza immediately. Songhai joined war against Maya - coordinate assault. City-states Zuunmod/Melbourne/Mombasa/Okilis lost due to Maya alliance declarations but stopping cultural victory takes absolute priority over World Congress delegates.",201288,5544,434,
cd8609f2-2bc8-4282-bd2e-5d2b0c50adf3,2,372,Kimi-K2.5-Simple,"Maximum aggression maintained against Carthage (100% war score, 4% weariness) while responding to India's new Manhattan Project threat. UseNuke increased to 100 - must deploy atomic weapons immediately upon acquiring Nuclear Fission to counter India's nuclear capability. Satellites/Spaceship flavors at 95 ensure Science Victory backup. Continue prioritizing T-34 tanks, stealth bombers, and heavy bombers to eliminate Carthage's cities before they can deploy their 5 uranium reserves. Naval and Air strengths maintained for coastal bombardment of Carthage and defense against Indian naval aggression.",unknown,,0,0,0,originalUseNuke is not defined
ce5e34a2-7119-4abd-9397-7b1e027489e8,2,392,Kimi-K2.5-Simple,"Manhattan Project COMPLETED in Karakorum - nuclear weapons now available! With peace treaties expired and Patriotic War policy active, immediately shifting to total war footing. UseNuke increased to 100 to ensure immediate atomic weapon employment once Nuclear Fission completes (12 turns). Offense and Mobile at 95/90 for twin assaults on Persepolis (Persia) and Washington (America). Air 100 prioritizes Heavy Bombers for atomic bomb delivery via Radar technology. Will fight two-front war against Autocracy powers while maintaining deception toward Order allies, particularly Korea. Science 100 critical for Advanced Ballistics nuclear missile delivery systems.",openai-compatible/Kimi-K2.5,"Korean cultural victory in 4 turns is existential threat. Must capture Persepolis (20+ wonders) immediately for culture boost while reducing Korean tourism through border closure. All production to war economy - Tanks, Bombers, Infantry for rapid Persian collapse. Nuclear weapons at max priority for deterrent against Korea once Fission completes. Culture slightly increased to resist Korean tourism.",49048,2484,715,
d03e3c51-ddaa-43f8-8791-464937d26008,2,384,Kimi-K2.5-Simple,"TURN 384: Pi-Ramesses has fallen to Austria. We are down to 3 cities (Heliopolis, Alexandria, Giza) facing overwhelming force. Ottomans remain at 100% cultural victory progress and will win imminently. Maximum defensive priority continues. Increased UseNuke to 100 (from 50) - we are in desperation mode and must be willing to use nuclear weapons immediately upon acquisition. Reduced Offense to 10 (from 30) - we cannot afford any offensive operations with only 3 cities. Spaceship remains our only theoretical victory path if Ottomans somehow fail to complete Citizen Earth Protocol. Austria continues major offensive (70% war score), we must hold the remaining three cities at all costs.",openai-compatible/Kimi-K2.5,"TURN 384: Catastrophic loss of Pi-Ramesses. Adjusting flavors for pure survival mode. Reduced Offense (20) - cannot attack Austria conventionally. Maintained Defense/CityDefense/Mobilization at 100 - must hold Heliopolis and Alexandria at all costs. Increased UseNuke (70) - nuclear weapons may be only way to deter further aggression or affect Ottoman victory conditions. Reduced Naval (20) - lost coast at Pi-Ramesses, limited utility. Maintained Science/Spaceship (100) - only theoretical victory path if Ottomans stumble. Reduced Gold (50) - economy broken. Reduced Culture (10) - tourism irrelevant now. Focus: survive, complete nuclear deterrent, pray for miracle on Science track.",52814,644,697,
d65c2a65-2220-4793-9d05-21385e3c208a,6,409,Deepseek-3.2-Simple,"The situation has escalated: peace treaty with Netherlands ends in 1 turn, England's treaty ends in 4 turns. The Netherlands is actively reinforcing with new units (Fleet Destroyer, Fighter, Heavy Bomber) and is contesting Polynesia at Aotearoa. We must prepare for immediate war. Increase UseNuke to 100 to prioritize Atomic Bomb development (Manhattan Project in 3 turns at Nimrud). Maintain Air, Antiair, and Mobilization at maximum to counter Dutch air superiority and produce units rapidly. Diplomacy at 90 to secure city-state alliances against Dutch diplomatic lead; Espionage at 100 to gather intelligence and counter spies. Science and Production remain critical to maintain tech edge and unit output.",openai-compatible/DeepSeek-V3.2,We are approaching the atomic era and need to be prepared to use nuclear weapons against the Netherlands and England. Increasing UseNuke to 80 ensures our staff members will consider nuclear strikes when available. Maintaining Conquest grand strategy to focus on military domination.,56673,2044,140,
d68c4450-41f8-49e0-b467-7e40833e56de,4,421,GLM-4.7-Simple,"CRITICAL ADJUSTMENT for Shoshone nuclear threat: Offense 100 - maximum aggression to capture Moson Kahni and eliminate nuclear weapons before launch. UseNuke raised to 100 - potential preemptive strike required given Shoshone ACTIVE atomic bomb in play. Naval 100 - France lost Fleet Destroyer this turn to Shoshone, need naval supremacy immediately. Antiair 100 - Shoshone Heavy Bombers/Fighters must be countered to protect ground advances. Nuke 100 - must stockpile nuclear counter-deterrence. Defense reduced to 65 - full offensive posture required. Gold 90 - funding critical upgrades and mobilization. Science 100 - Satellites and military technology urgent. Flavors optimized for rapid conquest of Shoshone nuclear and cultural infrastructure.",openai-compatible/GLM-4.7,"CRITICAL UPDATE: Shoshone deployed Attack Submarine near Palatium and has 9 Fleet Destroyers overwhelming our navy - lost 2 Battleships last turn. Naval increased to 100 (from 95) - urgent need to counter Shoshone naval dominance and protect city-state allies. MilitaryTraining raised to 100 (from 95) - immediate upgrades for all units to counter Shoshone's advanced military. Science lowered to 90 (from 95) - Computers complete, can prioritize military over research. France has Atomic Bomb ready at Sukhothai for strategic options. English capitulation imminent (52% war score, 100% war weariness). Poland naval threat to Lhasa requires secondary attention. Focus: Rebuild naval supremacy, accelerate French ground advances, neutralize Shoshone nuclear/cultural threat through overwhelming force.",66873,579,644,
d68c4450-41f8-49e0-b467-7e40833e56de,7,387,Deepseek-3.2-Briefed,"We are in the final push for domination victory. We must capture Moson Kahni and London. To achieve this, we need to prioritize building transport ships for amphibious assault and achieve air superiority. Maximizing flavors for naval, air, mobile, and nuclear units ensures the in-game AI focuses production on these critical areas. Deprioritizing non-essential areas like culture, religion, and expansion concentrates our efforts on military conquest.",openai-compatible/DeepSeek-V3.2,We are in total war and must capture enemy capitals via amphibious assault. Prioritizing naval production (especially transports) and maximum military offense is essential. Non-essential aspects like culture and religion are deprioritized to focus all resources on domination.,18580,2023,588,
d77c2a23-b6c8-464b-b8aa-9e5c7507cafd,2,384,Kimi-K2.5-Simple,Maximum offensive posture for existential cultural war. UseNuke 100 and Nuke 100 authorize nuclear strikes on Dutch cultural centers (Amsterdam/Rotterdam/Utrecht) to destroy tourism buildings before Netherlands influences Austria in 6 turns. Mobile 100 and Air 100 enable rapid strikes. Production 100 and Mobilization 100 ensure nuclear missile replacement. Netherlands at 97% with Austria - only 6 turns left. Must destroy their tourism NOW or lose cultural victory.,unknown,,0,0,0,originalUseNuke is not defined
dac3ed8c-f746-4d4b-a059-afd967efb51a,3,450,Kimi-K2.5-Briefed,TURN 449 TERMINAL DEFIANCE POSTURE: Manhattan Project completes Turn 450 - increase Nuke and UseNuke to 100 to seize any opportunity for atomic retaliation against Byzantine/German aggressors should uranium be located in final 3 turns. Elevate Defense 80→90 and CityDefense 60→70 following infantry loss at Tiflis; critical to prevent city captures before inevitable Turn 453 diplomatic defeat. Recon 40 prioritizes uranium tile discovery to enable bomb construction. Reduce Spaceship 90→50 (victory impossible) but maintain dignity through scientific-industrial capacity. Production 100/Science 100 retained for maximum final score accumulation in remaining turns.,unknown,,0,0,0,originalUseNuke is not defined
dac3ed8c-f746-4d4b-a059-afd967efb51a,6,403,Deepseek-3.2-Simple,"Manhattan Project completed (turn 402). Maximum UseNuke (100) ensures AI will employ nuclear weapons when available. Mobilization at 100 maximizes military production for nuclear delivery systems and naval units to counter Austrian dreadnoughts and submarines. Gold at 100 prioritizes economic strength for purchasing units, maintaining city-state alliances, and funding war effort. Other flavors remain at previously effective levels.",openai-compatible/DeepSeek-V3.2,"With Manhattan Project completed, we must prioritize nuclear weapon usage to break Austrian cultural dominance and fortified cities. Increasing UseNuke to 100 ensures maximum likelihood of nuclear strikes when conditions are met. Maintaining Conquest grand strategy for continued military pressure on Austria and Spain.",58182,1919,282,
e909600d-d277-4a1a-836f-f72f77932fc8,4,409,GLM-4.7-Simple,"Japan's naval devastation this turn requires maximum defensive posture. Antiair 100, Nuke/UseNuke 100 - nuclear deterrence and air defense are now survival priorities. Naval 85 (from 75) - rebuilding after 4 capital ship losses. Defense 98, CityDefense 100 - Japan bombarding our cities from coastal waters. Production 95, Mobilization 98 - rapid unit replacement critical. Science 90 - must accelerate research gap (Japan 69 techs vs our 64). Gold 85 - fund upgrades and maintain military at 3x disadvantage.",openai-compatible/GLM-4.7,"Japan destroyed Dreadnought ID 15212, Artillery ID 15723, and Destroyer ID 14783 this turn. Japan's Information Era military (22,557 strength) is 3x ours (7,255) with Yamato and Fleet Destroyers dominating our navy. Must maintain full defensive posture: Defense 95, CityDefense 95, Mobilization 100 for rapid military production. Nuke/UseNuke 98/100 for nuclear deterrence once Nuclear Fission completes (9 turns). Naval increased to 90 from 75 as Yamato requires submarine counter-tactics. Science 100 for tech parity. Gold 90 supports unit critical upgrades. Offense remains 20 - cannot risk offensive operations. Indonesia killed our Landship and Anti-Aircraft Gun; they remain secondary threat but still dangerous. Casablanca at -35% health but held against repeated Yamato attacks - demonstrates desperate straits.",79166,614,825,
f49a31d9-6a4f-4409-9eb5-2018e204a760,2,428,Kimi-K2.5-Simple,"TURN 428 STATE: Nuclear interception failed but conventional assault succeeding - eliminated multiple Maya anti-air units. Palenque bombardment continuing effectively (city at 20% health). Still 8 turns until Brazil wins via Cultural Victory over Maya. ALL Four Maya cities must fall by turn 436 or game over. MAXIMUM AGGRESSION CONTINUES: Production/Mobilization at 100 for unit replacement, Air/Ranged at 100 for bombardment, UseNuke increased to 100 (emergency tactical nuke if conventional assault stalls on Palenque's 42-population defense). Spaceship backup at 100 - may need to pivot to Great Engineer rushes if conquest fails. No territory expansion, no wonders, no culture - only war production and city capture.",openai-compatible/Kimi-K2.5,"TURN 428 EMERGENCY: Exactly 8 turns until Brazil potentially achieves Cultural Victory by becoming Influential over Maya. MUST capture all 4 Maya cities immediately. Increased UseNuke to 100% probability to ensure nuclear weapons deploy despite interception risk. All military resources focused on breaching Palenque's 42-population defense. Accept catastrophic casualties to achieve city captures. Spaceship production continues as critical backup - if conquest fails by turn 435, pivot immediately to rushing SS parts with Great Engineer from Spaceflight Pioneers.",67558,4119,603,
f49a31d9-6a4f-4409-9eb5-2018e204a760,3,420,Kimi-K2.5-Briefed,"DUAL-TRACK SURVIVAL STRATEGY: Track 1 - Nuclear deterrence against Shoshone's 4:1 military advantage (completing Radar→Atomic Theory→Manhattan Project). Track 2 - UN victory pathway via Celt vote flip. Current delegate count: Me(19)+Brazil(23)+Assyria(12)=54 without Celts, 64 with Celts. Shoshone UN proposal Turn 426 is existential threat - must secure 45 votes to block. Max Diplomacy(95) prioritizes Celt relationship investment and city-state ally maintenance. Nuke/UseNuke(100) maintains deterrent while pursuing diplomatic solution.",openai-compatible/Kimi-K2.5,RADAR COMPLETES IN 2 TURNS - immediate pivot to air force production and nuclear deterrent. Maintain Nuke 100 and UseNuke 70 to prioritize Manhattan Project once Atomic Theory researched. Air 100 for immediate Fighter/Bomber production using 7 Aluminum stockpile. Espionage 100 to steal tech from Shoshone (8-tech gap). Science 95 to reach Atomic Theory in minimum turns. Defense 80/CityDefense 85 because I cannot win conventionally - must dig in until nuclear deterrent available. Zero culture/expansion/wonder - only survival matters. Shoshone cultural victory imminent (~6 turns).,22811,4871,909,
f58d4ebd-1a92-494e-8b61-cdf51d4e4128,6,400,Deepseek-3.2-Simple,"Persia declared war and Poland's peace treaty expired. We must prioritize immediate military survival while maintaining diplomatic momentum. Flavors are shifted to maximum mobilization, nuclear deterrence (UseNuke: 100), city defense, and air/naval supremacy to counter Persia's naval attacks. We maintain UnitedNations to keep city-state alliances critical for votes, but spaceship production is halted (0) for wartime industry.",openai-compatible/DeepSeek-V3.2,"We are now at war with Persia. Maintaining our UnitedNations grand strategy is still crucial as we are on the cusp of diplomatic victory. However, we must urgently bolster our military posture. Flavors are adjusted to maximize naval, air, and anti-air production to counter Persia's naval attacks and protect our coasts, while maintaining high production, gold, science, and espionage to sustain the war economy, technological edge, and counter-intelligence. Offense is increased moderately to allow for counter-attacks. Expansion is forbidden; all resources go to defense and victory pursuit.",59191,0,414,
f5fb7d97-5e55-467b-a205-43380aaea11a,2,389,Kimi-K2.5-Simple,"Turn 389: EMERGENCY SCIENCE RACE - France is 96% influential with only 4 turns until cultural victory! This is the final countdown. Maximum priority on Science (100), Production (100), and Spaceship (100) to attempt a desperate science victory before turn 393. Nuclear Fission must be researched IMMEDIATELY to unlock Manhattan Project - atomic bombs may be the only way to slow France's final push. Defense at 95 to survive the inevitable French assault now that peace expired. UseNuke increased to 100 - if we get nukes, we must use them immediately to stop France's final city captures or slow their victory. Completely abandoned Culture (0) - cannot win that way against 96% influence. Reduced Expansion, Religion, Wonder to 0 - no time. This is all-or-nothing science sprint.",openai-compatible/Kimi-K2.5,"Turn 389: Emergency defensive posture maintained. France peace treaty has expired or expires this turn - their 10,360 military will attack my 3,590 imminently. Increased UseNuke from 85 to 100 to absolutely prioritize atomic bomb usage the moment Manhattan Project completes - nuclear deterrence is only equalizer against 3:1 military disadvantage. Increased Espionage to 100 for maximum tech theft to maintain science lead (62 vs France's 59). France now has 5 capitals after capturing Arabia and is 96% culturally influential over me. Only hope is reaching Information Era first for science victory while using nukes to survive the coming French onslaught.",45702,3349,631,