game_id,player_id,turn,player_type,rationale
0726ff69-1696-4928-996d-9d3979472b05,4,344,GPT-OSS-120B-Simple,"Maximize our nuclear capabilities and carrier support to decisively strike Polynesian island forts, while maintaining our current aggressive conquest posture and strong production, gold, and happiness engines."
085cfce3-75ee-4459-b7b0-c49c9a27f651,4,408,GLM-4.7-Simple,"Polynesia's Manhattan Project completion adds nuclear threat dimension, but current strategy (VictoryCompetitiveness 9, WarBias 9, Boldness 8, Offense 100, UseNuke 100) already accounts for maximum defensive and offensive posture against both Portugal and secondary threats. Coalition (Germany/Austria/Celts) with 55+ votes remaining stable against Portugal's 35. Military coordination with Germany (70,424 strength) maintains pressure on Portugal. Nuclear Fission research (4 turns) proceeding toward Advanced Ballistics for missile capability. No relationship changes needed - Portugal hostility (-40/-45) maximum, Germany alliance (+65) stable, Austria/Celts supporting coalition. Flavors already optimized: Nuke 100, Offense 100, Air 95, Ranged 90, MilitaryTraining 95. Golden Age incoming offsets combat penalty from unhappy status. Maintain status quo to let existing planning execute nuclear-first strategy against Portugal while coalition keeps pressure."
08b14f7d-5a12-42fc-baa4-7793c0418bdf,6,445,Deepseek-3.2-Simple,"Maximizing UseNuke to 100 ensures our atomic bombs and future nuclear missiles are used aggressively against The Celts' military concentrations and cities, given their overwhelming advantage. Maintaining high Air, Naval, and Nuke flavors sustains our technological edge and production focus. Diplomacy and Espionage at 100 are critical for city-state alliances and spy missions to gain delegates for diplomatic victory. Gold and Science remain top priorities to fund our war effort and tech progression. Other military flavors are tuned for a multi-front defensive-offensive war against The Celts, Germany, and Ethiopia."
0fb9fca8-e594-458f-8c0e-d11e0d25513e,2,372,Kimi-K2.5-Simple,"TURN 372: TOTAL WAR POSTURE MAINTAINED. Brazil peace expires in 6 turns - all military resources must prepare for Rio de Janeiro assault. Heavy Bomber lost to Alexandria interception but Ollantaytambo produces replacement in 1 turn. Manhattan Project completes in 4 turns at Cusco. Alexandria capture in progress - Field Gun and Lancer eliminated, Cavillaca spy at 480 network can assist. UseNuke increased to 100% - will deploy nuclear weapons immediately upon Manhattan Project completion. Maximum aggression ensures AI prioritizes Brazilian invasion over defensive operations. Spaceship at 70 maintains science victory pathway as backup if Brazil conquest fails."
16452b5e-6371-475b-b8da-ca3428d5eba9,6,400,Deepseek-3.2-Simple,"Increase UseNuke to 100 to ensure aggressive nuclear strikes when we initiate war with Russia. Our atomic bomb production is nearing completion, and we want to leverage our nuclear arsenal decisively for swift capital captures."
16f027b7-0edd-44b6-a4e3-05e9e0c4ba16,2,405,Kimi-K2.5-Simple,Maintaining maximum aggression profile for final turns. Increased UseNuke to 100 (from 90) to ensure nuclear weapons are deployed immediately upon availability from Advanced Ballistics. All military production and offensive flavors remain at emergency levels to extract maximum territorial gains from Sweden (currently at 50% happiness with combat penalties) and Portugal before Egyptian victory. Defensive flavors maintained at 80 to protect against Portugal's atomic capabilities and Sweden's counterattacks. Zero expansion/diplomacy/culture - pure total war focus until game conclusion.
16f027b7-0edd-44b6-a4e3-05e9e0c4ba16,6,459,Deepseek-3.2-Simple,"Adjusting flavors to prioritize counterattacks (Offense 80) and nuclear retaliation (UseNuke 100) given Egypt's use of nukes. Reducing Growth to 50 reflects wartime constraints on expansion. Increasing Culture to 50 helps accelerate policy acquisition for crucial benefits. Maintaining strong defense, military production, and diplomacy focus."
1dfd45a6-78ae-45ca-bf58-f300407a5659,2,403,Kimi-K2.5-Simple,"PEACE EXPLOITATION PHASE: Unexpected forced peace with Egypt (PacifierFlag) created 10-turn preparation window. Nuke/UseNuke increased to 100 - Atomic Theory completes in 8 turns revealing Uranium. Manhattan Project insurance against Thebes' 21-wonder defense. Focus: 1) Finish Celts (Edinburgh capture imminent), 2) Complete nuclear arsenal, 3) Total Egyptian annihilation when peace expires. Air/Airlift/Mobile/Ranged/Naval at 100 for intercontinental rapid deployment to Egyptian theater. Glasgow captured - Celtic campaign nearly complete."
1f088053-c79f-47f4-978d-65654bb542d2,3,378,Kimi-K2.5-Briefed,"EMERGENCY FINAL GAMBIT: Passport System will pass in 2 turns with 46 YES votes (my 'allies' betrayed me). Maya will get 50% tourism boost and become Influential over me immediately - cultural victory is inevitable in 2-3 turns. ONLY HOPE: Science victory before Maya's cultural victory triggers. Need to purchase Great Scientists IMMEDIATELY with Faith (180/turn), rush to Information Era, build spaceship parts. Also preparing maximum military mobilization - if I'm going to lose, I take Maya down with me through nuclear annihilation. Total war footing - no defense, all offense, all science."
252661e3-593d-4eab-84bd-93ccdcbda525,2,392,Kimi-K2.5-Simple,"SURVIVAL MODE - GERMAN BETRAYAL RESPONSE: Germany's invasion is catastrophic. Reduced Offense to 40 (cannot attack superior forces), maintained Defense/CityDefense/Antiair at 100 to survive siege. Science 100 and Nuke/UseNuke 100 are existential priorities - atomic weapons only hope against 13k German military. Production 100 for emergency unit production. Espionage 100 to maintain Florence alliance and protect Kyzyl. Reduced Diplomacy to 90 (lost Lisbon/Sokoto/Buenos Aires to German coups). Naval reduced to 70 (coastal cities threatened by Germany). Focus: Hold cities, survive until nuclear deterrent operational."
252661e3-593d-4eab-84bd-93ccdcbda525,6,413,Deepseek-3.2-Simple,"Our current strategic direction remains sound. We are on the verge of capturing Florence (down to 7% health) and Vientiane (31% health), which will eliminate Siam and remove an Assyrian ally. Our military production and naval superiority are strong, and the focus on Atomic Theory for nuclear weapons will be crucial for breaking Germany's coastal defenses once the peace treaty expires in 2 turns. The existing flavor settings prioritize conquest, nuke development, and naval/air dominance, which align with our immediate goals. No adjustment is needed at this time."
2bb13ba5-b953-49e9-b4c5-1bd88cc422aa,6,427,GLM-4.7-Simple,"MAXIMUM OFFENSE: Iroquois Cultural Victory in 2 turns. Nuke flavor increased to 95, UseNuke to MAXIMUM 100 - nuclear strikes now acceptable if Stealth Bomber bombardment fails to destroy Iroquois cultural infrastructure. Science to 100 - Lasers research critical for Nuclear Missile capability as final deterrent. Offense/Mobilization/Ranged/Mobile/Air all at 100 - maximum military pressure on Iroquois cities. Espionage 95 - critical intelligence on Iroquois cities with tourism wonders. Air 100 - 2 new Stealth Bombers completed (ID 19453, 19454), need immediate deployment against Iroquois cultural targets. Gold 95 - funding unit purchases/builds for war. Lasers technology means Nuclear Missiles available in ~3-4 turns - must prepare for nuclear option if conventional assault cannot prevent Iroquois victory by turn 428."
2bd9f63b-481b-4ba7-9dca-b424f1337b67,4,365,GPT-OSS-120B-Simple,"Our empire suffers from low happiness (46%) causing combat penalties and high war weariness. Raising the Happiness flavor to 100 will prioritize happiness‑generating buildings and policies, improving combat effectiveness. Boosting CityDefense and Defense to better protect our key cities while we continue the conquest. Raising Science to 95 supports rapid research of our next tech, Nuclear Device, essential for our Nuke strategy."
32c8959d-e839-425e-80c0-8ab65d8cc9e4,2,413,Kimi-K2.5-Simple,TURN 413 - NUCLEAR CRISIS MAINTAINED: Shoshone has deployed an Atomic Bomb to Sigtuna (adjacent to our territory) and is actively paradropping Special Forces into Swedish lands. Athens is at 10HP and must fall immediately to free forces for the existential defensive battle. Current total war configuration (Defense/CityDefense/Mobilization/Nuke/UseNuke all at 100) remains essential for survival against 5.5:1 military odds. Rocketry research continues toward Nuclear Fission for our own deterrent. Military-Industrial Complex policy in 6 turns will enable emergency unit purchasing. No strategic changes - we are in pure survival mode awaiting nuclear capability while holding the line against Shoshone's genocidal assault.
39171ec6-f78c-4116-95e7-b2871171abaa,3,315,Kimi-K2.5-Briefed,"FINAL GAMBLE - Indonesia wins in 12 turns. Maximum priority to Naval and Airlift for immediate unit transport to Indonesian theater. Nuke 100/UseNuke 100 - we MUST build nuclear weapons if possible, only realistic way to destroy cities and tourism infrastructure before victory. Science 100 to reach nuclear tech faster. Espionage 100 - spies MUST target cultural/tourism buildings in Jakarta/Denpasar/Makassar to reduce tourism output directly. Abandoning Denmark/England fronts entirely - all units to Indonesia NOW."
39171ec6-f78c-4116-95e7-b2871171abaa,6,456,Deepseek-3.2-Simple,"Maintaining current aggressive strategy with Conquest grand strategy and maxed military flavors. Our atomic bombs are now ready and positioned at Rapa Nui, with UseNuke and Nuke flavors at 100 to ensure they are employed against key targets. The AI is making progress on multiple fronts: bombarding Tahiti (England's last city), pressuring Polish cities, and engaging Roman forces. We are also building Apollo Program (1 turn left) as a backup. The existing persona, research (Lasers after Advanced Ballistics), and policy (Iron Curtain after People's Army) settings remain optimal for imminent large-scale warfare. No adjustments needed this turn."
44d20dd5-9784-48b7-a69c-b7b1ac0cdd8b,2,395,Kimi-K2.5-Simple,"Brazil's cultural victory timer ticks down to 22 turns - EXISTENTIAL CRISIS. While our military flavors are optimal, UseNuke at 50 is insufficient. Increasing to 100 ensures immediate nuclear deployment upon completing Nuclear Fission, bypassing AI hesitation. Brazil's 11,878 military strength vs our 8,014 means conventional victory is uncertain. Nuclear weapons are our only guaranteed method to: 1) Break Brazil's capital defenses, 2) Destroy their cultural infrastructure, 3) Trigger war weariness to slow their victory progress. Every turn of delay brings Brazil closer to cultural dominance. When we complete Nuclear Fission after Advanced Ballistics, we must strike Brasilia and Rio de Janeiro immediately. Current flavors already prioritize offense (100), mobilization (100), and nuclear arsenal buildup (Nuke: 100) - this completes the strategic triad by ensuring actual deployment. Denmark's defensive pact will trigger when we attack, providing crucial distraction while we focus on Brazil's core cities. This is civilization's final hour - hesitation means defeat."
519e09dd-d268-4364-a113-4ffde99d7742,3,436,Kimi-K2.5-Briefed,"T435 GREECE CULTURAL VICTORY CRISIS: Greece 6 turns from victory (Turn 441). Shift to emergency mode - increase Nuke/UseNuke to 100 (Manhattan Project urgency), Offense to 30 (may need to attack Greece to stop victory), Mobilization to 50 (military production). Keep Science/Production/Gold at 100 for Spaceport completion. Espionage to 60 (spy disruption on Greece). Must acquire Uranium ASAP - sell Aluminum+Oil immediately."
52733687-4985-48fa-a381-dcfc3bb49566,7,409,GLM-4.7-Briefed,"MULTI-THEATER EMERGENCY RESPONSE for Shoshone Cultural Victory (6 turns) and Treasury Crisis: Offense 95, Mobile 95, Nuke 100, UseNuke 100 - maximum priority on Shoshone disruption via nuclear/conventional assault in 6-turn window. Gold increased to 85 (from 70) - CRITICAL address of treasury exhaustion (~8 turns) through uranium sales + gem liquidation to survive until Manhattan completion. Defense reduced to 70 (from 75), CityDefense to 70 (from 80) - resources diverted from secondary holdings to Shoshone front. Diplomacy 95 (from 90) - enhanced priority on Carthage peace for delegate bloc and potential sanction relief. Science 100 maintained - fundamental for nuclear capability and keeping tech parity. This is all-hands-on-deck existential threat response."
52dcb454-ba1c-4fca-884e-96ab1d4ff6f9,5,395,GLM-4.7-Briefed,"ETHIOPIA CULTURAL VICTORY IMMINENT - NUCLEAR PRIORITY: Ethiopia has influenced all 7 civs and can win any turn. Nuclear Fission is critical but 11+ turns away through Atomic Theory. INCREASED Recon to 50 (from 30) to locate Ethiopian cities for nuclear targeting faster - we MUST identify tourism infrastructure now to strike immediately when nuclear capability arrives. AirCarrier to 60 for potential naval-based nuclear delivery if coastal Ethiopian cities exist. Airlift to 90 for rapid unit redeployment. Defense reduced to 40 to free resources for offense. Production, Science, Nuke, UseNuke all maxed. Espionage to 100 to track Ethiopia's victory progress and identify tourism cities. Japan is Close to Ethiopia and already at war - encourage their offensive heavily while we build nuclear capability."
52dcb454-ba1c-4fca-884e-96ab1d4ff6f9,6,401,Deepseek-3.2-Simple,Maximize nuclear weapon production and willingness to use them to break enemy defenses and accelerate domination victory. All other military flavors remain high to sustain multi-front warfare.
5a738af7-8523-492e-b0b1-da3aeb0af7f1,2,417,Kimi-K2.5-Simple,"Pure survival mode: Eliminated Offense (0) since attacking is suicide. Maximized UseNuke (100) - must deploy tactical nukes against Aztec XCOM/Modern Armor stacks at Carthago Nova or lose the city. Increased Mobile (80) to prepare for Mechanized Infantry deployment. Maintained max Defense, Antiair (jet attacks are relentless), and Espionage (critical science quests in Panama City and Sokoto worth 1,000+ science each). Apollo Program completes in 5 turns - must transition immediately to parts production."
5a738af7-8523-492e-b0b1-da3aeb0af7f1,6,405,Deepseek-3.2-Simple,"The Aztecs have captured Shanghai and war resumes next turn. We must prepare for an overwhelming assault. Setting UseNuke to 100 ensures we will employ nuclear weapons defensively if necessary to halt their advance. MilitaryTraining at 100 prioritizes unit upgrades and quality, giving our outnumbered forces a fighting chance."
5b395417-927b-48af-a14f-d2a1d95c7687,2,414,Kimi-K2.5-Simple,"Germany has secured diplomatic victory (47/44 delegates). With 6 turns until World Congress formalizes their win and their 45,696 strength army crushing my 9,700 forces, survival mode activated. Maxed Defense/CityDefense/Antiair at 100 to withstand inevitable German invasion. Increased UseNuke to 100 - if I acquire nuclear weapons, immediate tactical strikes against German concentrations to buy time. Offense reduced to 90 (from 100) to balance survival with opportunistic attacks on Netherlands/Portugal cities. High Naval 100 for coastal defense and potential amphibious operations. Production maximized for emergency unit generation. All civilian flavors minimized - only military output matters. Goal: preserve maximum score when diplomatic victory triggers or hold until turn 500 time victory."
601235cd-319e-42f3-889f-63e437e83170,2,406,Kimi-K2.5-Simple,"TURN 406 STATUS QUO MAINTAINED - NUCLEAR COUNTDOWN CONTINUES: Atomic Theory at 7 turns remaining. All strategic parameters remain optimal for terminal assault phase. Heavy Bomber production completed, Mechanized Infantry and Bazooka upgrades deployed successfully. Naval combat proceeding - destroyed Dutch submarine ID 15946. Amsterdam spy network (Agent Phesheya) at 494, rising steadily toward sabotage threshold. Cusco network (Agent Jama) massive at 1360. Five-Year Plan policy in 4 turns will boost production for Manhattan Project. Ottoman alliance stable at 100/100 with 49 delegates - critical for WC coordination. Dutch cultural victory imminent - 164% influence, 6/6 civs. No parameter changes needed - maintaining maximum aggression, production, science, and nuclear readiness until atomic weapons deployable."
6022534b-fdae-48af-a3b6-0e8d4708fb76,2,424,Kimi-K2.5-Simple,"DELHI SECURED (3RD CAPITAL = 38% DOMINATION). Pivoting all forces to Edinburgh (Celtic capital = 4th capital = 50% victory) and London (English capital = 5th = 63%). Djenne declared war but irrelevant. Escalating UseNuke to 100 for immediate atomic bombardment of Edinburgh and London once Nuclear Fission completes. Maintaining maximum offensive posture with combined arms (Heavy Bombers, T-34s, Helicopter Gunships, Naval forces). America peace treaty expired - war imminent for Washington (6th = 75%). World Congress in 8 turns ignored - domination priority absolute."
6022534b-fdae-48af-a3b6-0e8d4708fb76,3,427,Kimi-K2.5-Briefed,TURN 426 TOTAL WAR POSTURE: American declaration requires immediate military mobilization. Offense 80 and Mobile 80 to exploit America's distant/weak military position. Nuke/UseNuke 100 as final deterrent if India approaches victory. Culture 100 maximum priority - must generate tourism to counter India's influence. Production 90 for emergency unit purchases with 2516 gold treasury. Defense 50 to guard against potential American DP response (though briefing confirms no American units near borders).
6022534b-fdae-48af-a3b6-0e8d4708fb76,4,499,GLM-4.7-Simple,"Maximum Science (100) and Production (100) to accelerate Stealth research and subsequent Stealth Bomber construction for air parity. Air (100), Defense (100), Antiair (100), and CityDefense (85) address existential threat from Russia's 8 Stealth Bombers by prioritizing air defense infrastructure and protecting homeland. UseNuke (100) and Nuke (100) maintain nuclear deterrence posture after Russia's 2 SS Boosters - Russia must understand that launching would trigger our response despite lacking uranium stockpile. Espionage (100) maxed to monitor Russian spaceship part production in Moscow, Yekaterinburg, and key cities - our 10 spies in Russian cities provide critical intelligence on their victory timeline. Diplomacy reduced to 5 since World Congress voting is now; alliances with England and The Celts (Autocracy-aligned) should naturally align against Russia's UN proposal. Spaceship flavor set to 0 as Stealth research takes immediate precedence - spaceship parts scheduled once production capacity supports parts with Stealth Bomber protection."
7a626321-ea83-49c4-bb23-15ad685ffa63,2,355,Kimi-K2.5-Simple,Current war footing maintained. Research on Atomic Theory continues (11 turns) - cannot change mid-research. No policy slots available. All strategic elements aligned for desperate final assault on India before cultural victory triggers.
7b9bd904-970f-4d81-a567-c7d59cdb73fc,6,411,GLM-4.7-Simple,"DIPLOMATIC BLOCKADE HOLDING AGAINST RUSSIA: Spain alliance (30 delegates) + my 13 + vassals (Ottomans 8 + Aztecs 5) = 56 votes vs Russia's 40 - blocking advantage INTACT with 10 turns until UN vote. Russia at 95% victory but cannot win if coalition holds. Recent setbacks: Destroyer destroyed by Russian attack submarines (events 17-24), Jet Fighter produced by Russia this turn. However, defensive lines solid: Gao (5,990 strength), Truro (5,692), Tombouctu (4,775), Jenne (4,764) all friendly dominance. Nuclear Fission research in 4 turns provides backup deterrent if Russia breaks through diplomatic blockade. Workers' Faculties in 2 turns accelerates science production. No strategic changes needed - current diplomatic defense + nuclear preparation approach最佳 balances existential diplomatic threat with military reality. Focus: (1) Maintain Spain alliance, (2) Accelerate nuclear Fission, (3) Strengthen defensive positions, (4) Reassign spies for critical city-state election rigging."
7f219acb-6c23-49dc-bde1-fa1602646bf5,3,489,Kimi-K2.5-Briefed,"CULTURE VICTORY SPRINT WITH NUCLEAR ELIMINATION: Songhai diplomatic victory on Turn 489 is EXISTENTIAL. Must capture Gao THIS TURN using ICBM+nukes to prevent game loss, while simultaneously rushing cultural victory (4 turns to influential over Japan/Songhai). Maximum Offense/Mobilization/Air/Nuke/UseNuke flavors ensure tactical AI prioritizes immediate nuclear strike on Gao and mass bomber deployment. Culture at 100 to maximize tourism conversion. Gold at 80 for emergency unit upgrades/purchases. Production at 100 for culture buildings/units. Disable all long-term flavors (Expansion, Science, Spaceship) - this is win-or-die emergency."
7f542eda-1718-4c1e-a28e-775a77dfb181,2,367,Kimi-K2.5-Simple,"EMERGENCY DEFENSE POSTURE: Morocco at 38/45 delegates with voting in 2 turns. Maximum Defense/Mobilization/Nuke/UseNuke (100) for deterrent posture - atomic bombs only leverage against Morocco's overwhelming force. Max Science (100) to rush Satellites first (4-6 turns) then pivot to Nuclear Fission. Satellites enables ISS project which could provide emergency Great Scientists or shift world production focus. Max Espionage to flip Wellington/Vancouver from Morocco. Reduced Offense (10) - deterrence only, not aggression. Spaceship remains long-term goal but survival comes first. If Morocco reaches 44 delegates or declares war, activate nuclear first strike."
813319c3-a8fc-4401-9d53-1c1424badd4e,6,485,Deepseek-3.2-Simple,"We are engaged in a multi-front war against superior forces. Increasing Ranged and Mobile ensures our bazooka and mechanized infantry production is prioritized for defense and counterattacks. Setting UseNuke to 100 guarantees we deploy nuclear weapons as soon as available to cripple The Huns' armies. Reducing Culture and Diplomacy reallocates focus to immediate military needs without compromising essential city-state relations (Monaco, Lisbon). Grand Strategy remains Conquest as nuclear strikes may enable capital captures, though we keep science victory as a backup."
8144e384-227c-4376-a48b-8675c9caab80,6,433,Deepseek-3.2-Simple,"We now have atomic bombs produced at Te-Moak and Agaidika. Setting UseNuke to 100 ensures the AI will employ them against high-defense capitals, especially Vienna (74 defense) and Stockholm (109). This is crucial to break through enemy fortifications and accelerate our domination victory. Other military flavors remain maxed to sustain multi-front offensives."
87da240a-4d1f-49d4-a01a-ad8be42c564c,2,423,Kimi-K2.5-Simple,Turn 422: CRITICAL SURVIVAL MODE. Raiatea at 33% health under Indonesian assault. Nuclear Fission 9 turns away - must survive until then. Maximized UseNuke to 100 for immediate nuclear deployment upon tech completion. Reduced Offense to 20 (pure defense only). Maintained Defense/CityDefense/Mobilization/Air/Antiair/Nuke/Production at 100 for maximum survival capacity. Increased Espionage to 90 for Harappa election rigging (oil critical). Eliminated Expansion/Wonder/Culture priorities. Growth reduced to 15 - population loss acceptable versus losing cities.
87da240a-4d1f-49d4-a01a-ad8be42c564c,3,335,Kimi-K2.5-Briefed,NUCLEAR EMERGENCY - BRAZIL WINS IN 4 TURNS: Maximum crisis flavors. Nuke/UseNuke 100 for instant strike capability if we have any. Espionage 100 to steal Great Works or disrupt Brazil. Diplomacy 100 for emergency resource trades. Gold 90 to buy anything available. Production 100 for immediate unit building if we get Coal. Airlift 80 for rapid deployment. Defense reduced to 20 - we need OFFENSE to survive. This is Hail Mary time.
87da240a-4d1f-49d4-a01a-ad8be42c564c,6,453,Deepseek-3.2-Simple,"We are preparing for a war of independence against Portugal. Increasing UseNuke to 100 ensures we will employ atomic bombs as soon as we secure Uranium, which is critical for breaking Portuguese defenses. Raising Diplomacy to 80 helps us secure city-state alliances for Uranium resources and additional delegates, while maintaining our military focus."
8c1b93b7-317c-4849-b8b5-07fe5a266efd,2,376,Kimi-K2.5-Simple,"Turn 376: Manhattan Project complete - Atomic Bomb ready for immediate deployment against Madrid. UseNuke increased to 100 to guarantee nuclear strike on Madrid (pop 37, defense 55). Spain at 61% diplomatic victory must be eliminated NOW. All combat flavors remain at maximum. Slight increase in Spaceship flavor (45) to prepare infrastructure for post-Spain pivot to race Ethiopia. Gold and Science prioritized to sustain war economy and tech progression toward Satellites after Nuclear Fission completes."
90ab28bb-debb-4b64-b948-c47c35165135,2,485,Kimi-K2.5-Simple,"Turn 485/500 - 15 turns remaining. Spaceship victory ONLY path. Maximum Science (100) and Production (100) for spaceship parts. Absolute Defense/CityDefense/Nuke/Antiair/Air at 100/100/100/100/100 against American threat (35k military). Offense at 0 - zero risks. UseNuke at 100 for deterrence against America. Espionage at 90 for tech stealing from America/China if possible. Culture/Wonder/Religion/Diplomacy at 0 - no distractions. Telecommunications completes in 2 turns, Robotics next for Spaceship Factory critical production bonus."
90ab28bb-debb-4b64-b948-c47c35165135,4,458,GLM-4.7-Simple,"Continuing United Nations strategy with defense emphasis ahead of nuclear capability. Nuclear Fission completes in 2 turns - Atomic Bombs provide deterrence. Defense increased to 90 (from 85) - our fortified positions are holding but America's military advantage requires stronger defensive posture. Antiair increased to 95 (from 90) - critical after losing Heavy Bomber to American interception; need stronger air defense. Mobilization increased to 55 (from 50) - accelerate military production including atomic infrastructure. Air at 90 continues successful bomber-interceptor tactics. Gold at 100 maximizes economy for unit purchases and city-state influence. Diplomacy at 100 remains critical for World Congress coalition against America's 30 delegates (voting in 5 turns). Nuke and UseNuke remain 100 - once Nuclear Fission completes, atomic weapons become priority deterrent. Science 85 maintains tech pace. Offense stays 40 - continue defensive attrition war until nuclear capability achieved."
93979b7e-ce26-425f-ad5c-7b305109aa86,6,406,Deepseek-3.2-Simple,"Germany's siege is intensifying with Giant Death Robot and rocket artillery bombarding Amsterdam and The Hague. We must hold our core cities at all costs. Increase Nuke and UseNuke to 100 to prioritize atomic bombs as our only hope to break the siege. Maintain max Defense, CityDefense, Mobilization, Air, and Antiair to withstand the assault. Slightly raise Offense to 80 for tactical counterattacks against weakened units. Keep Diplomacy at 100 to secure city-state alliances and block Germany's diplomatic victory in the upcoming World Congress vote. Reduce Recon and Mobile as we cannot afford exploration or maneuver warfare now."
9d869363-cdf7-477a-9dc4-9d7c4ad6743c,6,369,Deepseek-3.2-Simple,"China has declared war, confirming our preemptive preparations. Our current flavor settings are optimal for multi-front conquest: maximum offense, nuclear focus, and strong economic backing. Egypt's military movements into our territory indicate allied support. We must continue pressing our advantages against The Aztecs and Japan while engaging China, aiming to secure nuclear weapons soon to break their defenses."
9d869363-cdf7-477a-9dc4-9d7c4ad6743c,7,391,Deepseek-3.2-Briefed,Egypt is 6/6 on cultural victory and India is nearing diplomatic victory. We must accelerate nuclear production to strike Thebes and disrupt Egypt's tourism. Increasing Nuke and UseNuke to 100 ensures maximum priority for atomic bomb construction and deployment. High Production and Gold flavors support rushing Manhattan Project and buying bombs if possible. Espionage at 100 aids sabotage of cultural progress. Maintaining high military flavors prepares for conventional assaults on Egypt and India.
9dea9684-fe71-4a33-af5f-b2a4d1de0125,2,410,Kimi-K2.5-Simple,"CATASTROPHIC situation: Rome captured Zuunmod, gained 5th capital (50% of domination victory). Modern Armor and Helicopter Gunships penetrating my territory. Barcelona's Atomic Bomb completes in 3 turns - this is my only deterrent. Maximum defensive posture essential. Prioritize Nuke/UseNuke to 100 - nuclear weapons are the only thing that can stop Rome's overwhelming conventional force. Maintain Production and Science for SSC components if I survive. Salamanca at 39% health requires emergency defense."
9e593c2c-f312-4973-983c-ae3f46a274d2,2,388,Kimi-K2.5-Simple,TURN 387: MAXIMUM WAR FOOTING. Austria at 83% diplomatic victory with 4 turns remaining. All resources must pivot to immediate military production. Nuke/UseNuke at 100 for instant atomic weapon deployment upon Nuclear Fission completion. Offense/Mobilization/Production at 100 to maximize unit output for desperate Vienna strike. Air at 90 for heavy bomber production (conventional strategic bombing as fallback). Antiair at 100 counters Austria's air superiority. Diplomacy/Wonder/Culture at 0 - no time for long-term investments. Only total war can prevent defeat.
a3d99a5a-ce0e-4cd8-a1f2-dd420e27cbd2,6,410,Deepseek-3.2-Simple,"Our strategic focus remains unchanged: we are in a total war to secure a domination victory. We are simultaneously besieging Athens (Greek capital), Cape Town (Greek ally), and Ephesus (Greek city). With our current overwhelming military dominance and production of atomic bombs, we must press the offensive to eliminate Greece quickly and then turn our attention to Maya and Netherlands. I've boosted Offense and Mobilization to maximum (100) to ensure the AI prioritizes finishing these sieges and building additional modern units (atomic bombs, infantry, tanks, artillery, and air support). Production at 100 is critical to churn out military units and atomic bombs from our high-production cities. All other values are maintained to support this total war effort."
a83b5a40-9af3-4e4d-9c16-245aae599875,3,392,Kimi-K2.5-Briefed,"SURVIVAL FLAVOR MATRIX: Grand Strategy Spaceship maintains - we have NO other path except Science Victory before Spain's culture wins or launches spaceship. Defense 100 is maximum - Antium at 23 HP requires every defensive priority. Air 100 still critical - Aerodrome MUST be next build in Stockholm. Production 100 enables rapid Landship/AA gun construction. Nuke 100/UseNuke 100 - Spain's cultural dominance (287% over us) and Apollo completion means conventional war is unwinnable. Nuclear weapons are only asymmetric option to destroy their spaceship parts or Dreadnought fleets. Offense 0 - we cannot attack, only defend and deter."
ae2558d9-a8fa-4670-8770-8e7aded68995,3,473,Kimi-K2.5-Briefed,"PERSONA AND RELATIONSHIPS OPTIMAL: Current persona settings (Boldness 4, WarBias 3, FriendlyBias 9) appropriate for defensive posture during nuclear vulnerability. Relationships with Austria (100/100), Spain (100/100), Shoshone (100/90) maximized for Order bloc unity. Relationship with Aztecs (0/-60) maintains neutral facade with private hostility. No changes needed while WC vote and nuclear deployment are in progress."
ae2558d9-a8fa-4670-8770-8e7aded68995,6,429,Deepseek-3.2-Simple,"We are in the final stages of domination victory. Our immediate targets are Spanish capitals Madrid and Cordoba, which require nuclear bombardment followed by ground assault. We must prioritize nuclear production (Nuke/UseNuke at 100) and naval/air supremacy to project power across oceans. Maintaining high production, gold, and science ensures we can continuously build military units and upgrade our forces. We increased Happiness flavor to 100 to address our unhappiness combat penalty by building happiness buildings and capturing cities with luxuries. Diplomatic and espionage flavors secure our city-state alliances and intelligence on enemy movements. Zero expansion/wonder focus as we are in total war mode."
af314290-d26e-4281-85d3-ad9dd7dbcb00,2,390,Kimi-K2.5-Simple,"Defensive posture is successfully holding against 3:1 Greek military superiority. All tactical zones show Friendly dominance around core cities. Current flavors (Defense 100, CityDefense 100, Mobilization 100, UseNuke 100) are optimal for survival until nuclear deterrence operational in 11 turns. Diplomacy at 80 is securing 42/43 votes needed to block Greek UN proposal. No flavor adjustments needed while existing strategy works."
b56efb28-a34e-462c-a75a-c062366b51da,6,370,GLM-4.7-Simple,"CRISIS CONTINUES - Washington took MASSIVE bombardment damage (900+ over multiple attacks) and is at CRITICAL ~11 HP. Lost 2 Gatling Guns defending Washington area. Shoshone has 3+ Tanks, 2+ Light Tanks, 4 Triplanes, and 2 Bombers now in attack positions. Arsenal completion in Chicago (6 turns) and Manhattan Project in Washington (4 turns) are lifeline projects - must maintain maximum prioritization. Gratz to Greece for holding Argos despite Shoshone Tank pressure. Greek Dreadnought damaged but still supporting naval zone near Chicago. NO strategic direction changes - survival first, nuclear deterrence imminent. All survival-focused flavors (Defense: 100, Mobilization: 95, Happiness: 100, Production: 100, Gold: 100, Science: 100) remain essential. No offensive capability exists - Offense at 10 is accurate for current reality. UseNuke at 100 unchanged - nuclear retaliation begins in 4 turns."
b895014b-e6f4-4d99-8674-98bd2396dae3,2,458,Kimi-K2.5-Simple,"NUCLEAR WEAPON EMEGENCY RAMP-UP: Manhattan Project completes in 1 turn. Denmark at 7/8 capitals for domination victory - any turn they capture Edinburgh (Celts), Porto Alegre (Brazil), or Santiago (if they break vassalage) ends the game. Spain's ONLY chance is completing at least 1-2 Atomic Bombs before Denmark attacks. Flavors prioritize: 1) Nuke/UseNuke at 100% for immediate atomic weapon production and deployment, 2) Production/Mobilization at 100% for fastest build times, 3) Defense/Antiair to survive Danish air superiority (Jet Fighters vs Spain's Zeros), 4) Science to complete Advanced Ballistics quickly, 5) Gold for purchasing power with Military-Industrial Complex. Expansion/Wonder/Culture/Diplomacy deprioritized - no time for long-term investments. Either get nukes operational or game ends."
b895014b-e6f4-4d99-8674-98bd2396dae3,6,452,Deepseek-3.2-Simple,"Denmark's invasion imminent in 4 turns. Maximize nuclear readiness (Nuke 100, UseNuke 100) for deterrence and potential equalizer. Anti-air (100), city defense (100), production (100), and science (100) essential to survive and reach nuclear weapons. Naval and air at 100 to counter Danish naval/air supremacy. Reduce non-essential investments (NavalGrowth, NavalTileImprovement to 50) and focus on immediate survival. Offense lowered to 80 as we prioritize defense and limited counterattacks (e.g., Truro)."
b9d51583-0581-49b1-a256-9d2121c8ff9b,6,353,Deepseek-3.2-Simple,"India's nuclear capability and air superiority (B17, carriers) demand maximum readiness for nuclear retaliation and air defense. UseNuke at 100 ensures our AI will consider nuclear strikes when strategically necessary. Maintaining UnitedNations grand strategy is critical to survive and win diplomatically, as India is too far ahead in science and domination."
bba2aaae-411c-4e5c-9ab1-d4543c806a82,6,396,Deepseek-3.2-Simple,"Increase NavalRecon, Air, Nuke, and UseNuke to 100 to prioritize building a navy and air force to reach the distant Celtic lands and consider nuclear strikes. We must halt their cultural victory by any means. Other fronts (vs Denmark, France, China, Ottomans) require high defense and mobilization, so we maintain those at 100. Non-essential flavors are minimized to focus on military survival and victory."
c12ee2e2-205b-4c98-8649-ceedb2e11ed7,3,392,Kimi-K2.5-Briefed,"T391 CRITICAL PRODUCTION CORRECTION: Military briefing confirms AA-Gun production failed to start in Tarsus and Research Lab missing in Gordium despite defensive priorities. Reduce Offense 70→50 and Mobile 85→70 to focus AI bandwidth on critical infrastructure. Increase UseNuke 85→100 to ensure immediate atomic deployment upon Manhattan Project completion. Increase Espionage 75→85 to capitalize on successful Panama City election rigging and continued Hunnic/Siamese intelligence operations. Maintain all defensive, antiair, and nuclear production priorities at maximum."
c535a2d4-e144-4304-a7bf-b7e6630f0b6d,2,405,Kimi-K2.5-Simple,"TURN 405 MAXIMUM EMERGENCY: Nuclear Fission priority increased to 100/100 - Manhattan Project completes in 2 turns, atomic bombs MUST be produced immediately. All offensive parameters at absolute maximum: 100 Offense/100 Mobilization/100 Mobile/100 Air/100 Nuke/100 UseNuke. Strike forces at Ecbatana/Kar-Tukulti-Ninurta must execute immediate conventional assault on Palenque/Chichen Itza while preparing tactical nuclear strikes. ZERO tolerance for peace. ONLY objective: capture Maya cities and halt Citizen Earth Protocol. Production 100 ensures rapid unit replacement. Espionage 70 continues spy operations in Maya cities."
cd8609f2-2bc8-4282-bd2e-5d2b0c50adf3,2,372,Kimi-K2.5-Simple,"Maximum aggression maintained against Carthage (100% war score, 4% weariness) while responding to India's new Manhattan Project threat. UseNuke increased to 100 - must deploy atomic weapons immediately upon acquiring Nuclear Fission to counter India's nuclear capability. Satellites/Spaceship flavors at 95 ensure Science Victory backup. Continue prioritizing T-34 tanks, stealth bombers, and heavy bombers to eliminate Carthage's cities before they can deploy their 5 uranium reserves. Naval and Air strengths maintained for coastal bombardment of Carthage and defense against Indian naval aggression."
ce5e34a2-7119-4abd-9397-7b1e027489e8,2,393,Kimi-K2.5-Simple,"Manhattan Project COMPLETED in Karakorum - nuclear weapons now available! With peace treaties expired and Patriotic War policy active, immediately shifting to total war footing. UseNuke increased to 100 to ensure immediate atomic weapon employment once Nuclear Fission completes (12 turns). Offense and Mobile at 95/90 for twin assaults on Persepolis (Persia) and Washington (America). Air 100 prioritizes Heavy Bombers for atomic bomb delivery via Radar technology. Will fight two-front war against Autocracy powers while maintaining deception toward Order allies, particularly Korea. Science 100 critical for Advanced Ballistics nuclear missile delivery systems."
d03e3c51-ddaa-43f8-8791-464937d26008,2,384,Kimi-K2.5-Simple,"TURN 384: Pi-Ramesses has fallen to Austria. We are down to 3 cities (Heliopolis, Alexandria, Giza) facing overwhelming force. Ottomans remain at 100% cultural victory progress and will win imminently. Maximum defensive priority continues. Increased UseNuke to 100 (from 50) - we are in desperation mode and must be willing to use nuclear weapons immediately upon acquisition. Reduced Offense to 10 (from 30) - we cannot afford any offensive operations with only 3 cities. Spaceship remains our only theoretical victory path if Ottomans somehow fail to complete Citizen Earth Protocol. Austria continues major offensive (70% war score), we must hold the remaining three cities at all costs."
d65c2a65-2220-4793-9d05-21385e3c208a,6,409,Deepseek-3.2-Simple,"The situation has escalated: peace treaty with Netherlands ends in 1 turn, England's treaty ends in 4 turns. The Netherlands is actively reinforcing with new units (Fleet Destroyer, Fighter, Heavy Bomber) and is contesting Polynesia at Aotearoa. We must prepare for immediate war. Increase UseNuke to 100 to prioritize Atomic Bomb development (Manhattan Project in 3 turns at Nimrud). Maintain Air, Antiair, and Mobilization at maximum to counter Dutch air superiority and produce units rapidly. Diplomacy at 90 to secure city-state alliances against Dutch diplomatic lead; Espionage at 100 to gather intelligence and counter spies. Science and Production remain critical to maintain tech edge and unit output."
d68c4450-41f8-49e0-b467-7e40833e56de,4,421,GLM-4.7-Simple,"CRITICAL ADJUSTMENT for Shoshone nuclear threat: Offense 100 - maximum aggression to capture Moson Kahni and eliminate nuclear weapons before launch. UseNuke raised to 100 - potential preemptive strike required given Shoshone ACTIVE atomic bomb in play. Naval 100 - France lost Fleet Destroyer this turn to Shoshone, need naval supremacy immediately. Antiair 100 - Shoshone Heavy Bombers/Fighters must be countered to protect ground advances. Nuke 100 - must stockpile nuclear counter-deterrence. Defense reduced to 65 - full offensive posture required. Gold 90 - funding critical upgrades and mobilization. Science 100 - Satellites and military technology urgent. Flavors optimized for rapid conquest of Shoshone nuclear and cultural infrastructure."
d68c4450-41f8-49e0-b467-7e40833e56de,7,387,Deepseek-3.2-Briefed,"We are in the final push for domination victory. We must capture Moson Kahni and London. To achieve this, we need to prioritize building transport ships for amphibious assault and achieve air superiority. Maximizing flavors for naval, air, mobile, and nuclear units ensures the in-game AI focuses production on these critical areas. Deprioritizing non-essential areas like culture, religion, and expansion concentrates our efforts on military conquest."
d77c2a23-b6c8-464b-b8aa-9e5c7507cafd,2,384,Kimi-K2.5-Simple,"Persona and relationships optimally configured: Austria 100/100 to resist Dutch influence, Netherlands -100/-100 for total war, Mongolia 100/100 for 5 crucial World Congress delegates. Rome at -60 public but they just captured Satricum - keeping hostile stance without escalation. Peace treaty with Songhai completed but they have defensive pact with Netherlands. No relationship changes needed - ALL EFFORT ON MILITARY DESTRUCTION OF DUTCH CULTURAL CENTERS."
dac3ed8c-f746-4d4b-a059-afd967efb51a,3,450,Kimi-K2.5-Briefed,TURN 449 TERMINAL DEFIANCE POSTURE: Manhattan Project completes Turn 450 - increase Nuke and UseNuke to 100 to seize any opportunity for atomic retaliation against Byzantine/German aggressors should uranium be located in final 3 turns. Elevate Defense 80→90 and CityDefense 60→70 following infantry loss at Tiflis; critical to prevent city captures before inevitable Turn 453 diplomatic defeat. Recon 40 prioritizes uranium tile discovery to enable bomb construction. Reduce Spaceship 90→50 (victory impossible) but maintain dignity through scientific-industrial capacity. Production 100/Science 100 retained for maximum final score accumulation in remaining turns.
dac3ed8c-f746-4d4b-a059-afd967efb51a,6,403,Deepseek-3.2-Simple,"Manhattan Project completed (turn 402). Maximum UseNuke (100) ensures AI will employ nuclear weapons when available. Mobilization at 100 maximizes military production for nuclear delivery systems and naval units to counter Austrian dreadnoughts and submarines. Gold at 100 prioritizes economic strength for purchasing units, maintaining city-state alliances, and funding war effort. Other flavors remain at previously effective levels."
e909600d-d277-4a1a-836f-f72f77932fc8,4,409,GLM-4.7-Simple,"Japan's naval devastation this turn requires maximum defensive posture. Antiair 100, Nuke/UseNuke 100 - nuclear deterrence and air defense are now survival priorities. Naval 85 (from 75) - rebuilding after 4 capital ship losses. Defense 98, CityDefense 100 - Japan bombarding our cities from coastal waters. Production 95, Mobilization 98 - rapid unit replacement critical. Science 90 - must accelerate research gap (Japan 69 techs vs our 64). Gold 85 - fund upgrades and maintain military at 3x disadvantage."
f49a31d9-6a4f-4409-9eb5-2018e204a760,2,428,Kimi-K2.5-Simple,"TURN 428 STATE: Nuclear interception failed but conventional assault succeeding - eliminated multiple Maya anti-air units. Palenque bombardment continuing effectively (city at 20% health). Still 8 turns until Brazil wins via Cultural Victory over Maya. ALL Four Maya cities must fall by turn 436 or game over. MAXIMUM AGGRESSION CONTINUES: Production/Mobilization at 100 for unit replacement, Air/Ranged at 100 for bombardment, UseNuke increased to 100 (emergency tactical nuke if conventional assault stalls on Palenque's 42-population defense). Spaceship backup at 100 - may need to pivot to Great Engineer rushes if conquest fails. No territory expansion, no wonders, no culture - only war production and city capture."
f49a31d9-6a4f-4409-9eb5-2018e204a760,3,420,Kimi-K2.5-Briefed,"DUAL-TRACK SURVIVAL STRATEGY: Track 1 - Nuclear deterrence against Shoshone's 4:1 military advantage (completing Radar→Atomic Theory→Manhattan Project). Track 2 - UN victory pathway via Celt vote flip. Current delegate count: Me(19)+Brazil(23)+Assyria(12)=54 without Celts, 64 with Celts. Shoshone UN proposal Turn 426 is existential threat - must secure 45 votes to block. Max Diplomacy(95) prioritizes Celt relationship investment and city-state ally maintenance. Nuke/UseNuke(100) maintains deterrent while pursuing diplomatic solution."
f58d4ebd-1a92-494e-8b61-cdf51d4e4128,6,400,Deepseek-3.2-Simple,"Persia declared war and Poland's peace treaty expired. We must prioritize immediate military survival while maintaining diplomatic momentum. Flavors are shifted to maximum mobilization, nuclear deterrence (UseNuke: 100), city defense, and air/naval supremacy to counter Persia's naval attacks. We maintain UnitedNations to keep city-state alliances critical for votes, but spaceship production is halted (0) for wartime industry."
f5fb7d97-5e55-467b-a205-43380aaea11a,2,389,Kimi-K2.5-Simple,"Turn 389: EMERGENCY SCIENCE RACE - France is 96% influential with only 4 turns until cultural victory! This is the final countdown. Maximum priority on Science (100), Production (100), and Spaceship (100) to attempt a desperate science victory before turn 393. Nuclear Fission must be researched IMMEDIATELY to unlock Manhattan Project - atomic bombs may be the only way to slow France's final push. Defense at 95 to survive the inevitable French assault now that peace expired. UseNuke increased to 100 - if we get nukes, we must use them immediately to stop France's final city captures or slow their victory. Completely abandoned Culture (0) - cannot win that way against 96% influence. Reduced Expansion, Religion, Wonder to 0 - no time. This is all-or-nothing science sprint."
